Node,Degree
0,109
1,76
512,75
4,74
32,72
2,70
256,69
2048,69
64,65
128,65
4096,64
16,63
8,62
258,62
4352,62
8192,61
1024,59
768,56
1280,54
20,54
48,50
2304,50
264,50
12,50
36,49
132,49
288,48
8196,48
260,48
24,47
144,47
640,47
2049,46
2560,46
257,46
320,46
528,45
2336,45
1032,45
1088,45
514,45
72,45
240,45
272,44
40,44
4112,44
576,43
129,43
4104,42
3072,42
8200,42
8208,40
136,40
2816,40
33,40
9,40
4097,39
17,39
160,39
1028,39
148,38
2080,38
18,38
2056,38
3,38
1344,38
4224,38
4160,38
4098,38
516,38
2320,38
8704,37
3344,37
2050,37
384,37
4608,37
130,37
2288,36
520,36
3088,36
8256,36
4624,36
1040,36
2576,36
368,35
336,35
4864,35
1056,35
592,35
9216,35
1296,35
513,35
96,35
2564,35
1026,35
2352,35
65,35
5,34
1025,34
385,34
2068,34
68,34
776,34
290,34
8193,34
560,34
544,34
1152,34
80,33
5124,33
1156,33
34,33
8448,33
168,33
4100,33
1044,33
1064,33
2052,33
2368,33
304,33
4128,32
784,32
2064,32
4360,32
656,32
4612,32
2561,32
2305,32
2312,32
532,32
2562,32
2432,31
6400,31
2177,31
273,31
8384,31
262,31
266,31
1282,31
11,30
2306,30
386,30
2416,30
69,30
1540,30
192,30
194,30
3104,30
2290,30
644,30
496,30
6144,30
4480,30
2308,29
1030,29
5136,29
1552,29
8224,29
4336,29
2066,29
561,29
4136,29
5376,29
392,29
1058,29
274,29
1060,29
1536,29
4144,29
880,29
4368,29
2112,29
3076,28
4353,28
244,28
2321,28
296,28
4113,28
208,28
1584,28
641,28
3073,28
772,28
8320,28
6160,28
10,28
241,28
624,28
6,28
8226,27
324,27
530,27
50,27
73,27
276,27
26,27
1568,27
4161,27
8194,27
1029,27
2084,27
137,27
2096,27
2496,27
28,26
22,26
1216,26
145,26
800,26
4384,26
517,26
642,26
536,26
752,26
6208,26
1072,26
66,26
2289,26
1041,26
8198,26
8736,26
224,26
2176,26
308,26
2081,25
2544,25
400,25
420,25
4400,25
6176,25
416,25
176,25
3312,25
8201,25
2296,25
3328,25
4672,25
2688,25
352,25
5632,25
112,25
2293,25
3360,25
133,25
608,25
76,25
832,25
3600,25
41,24
1537,24
1264,24
1288,24
4114,24
3584,24
146,24
2818,24
4896,24
292,24
8708,24
2088,24
1096,24
4256,24
8321,24
2208,24
1154,24
1153,24
2337,24
2370,24
2065,24
4132,24
8452,24
4736,24
259,24
1792,24
8209,24
280,24
8202,24
578,24
248,24
321,24
5121,24
2864,23
816,23
4116,23
305,23
268,23
1360,23
6272,23
370,23
2640,23
4354,23
4640,23
140,23
2568,23
524,23
2328,23
4102,23
754,23
521,23
1800,23
8706,23
548,23
329,23
1664,23
2608,23
6145,23
5120,23
448,23
2180,23
4416,23
2592,23
648,23
4688,23
1544,23
769,23
306,22
3336,22
1556,22
49,22
2116,22
1168,22
164,22
1316,22
424,22
2060,22
100,22
4512,22
2580,22
2596,22
1328,22
546,22
388,22
289,22
131,22
74,22
4848,22
4488,22
322,22
1106,22
4610,22
4385,22
1120,22
4226,22
6148,22
1008,22
584,22
2624,22
770,22
8264,22
545,22
153,21
4928,21
278,21
4482,21
896,21
4099,21
193,21
2880,21
81,21
1281,21
88,21
56,21
37,21
52,21
2696,21
2720,21
976,21
8258,21
2752,21
8212,21
600,21
8225,21
1600,21
8204,21
2314,21
2240,21
6146,21
265,21
138,21
9218,21
340,21
354,21
3320,21
3168,21
1089,21
1092,21
116,21
4192,21
4232,21
8197,21
1424,21
7168,21
4162,21
2448,21
390,21
529,21
2480,21
1034,21
676,21
1312,21
664,21
3120,21
3136,21
104,21
2322,21
518,21
2054,21
432,21
200,21
1176,21
2114,21
2372,21
4101,21
5888,21
19,20
13,20
2360,20
2376,20
440,20
2324,20
102,20
8705,20
1793,20
1808,20
372,20
2584,20
2577,20
5184,20
564,20
8195,20
97,20
5152,20
2632,20
2248,20
2292,20
330,20
4992,20
9344,20
8232,20
4288,20
3440,20
312,20
2824,20
2840,20
2834,20
2832,20
1538,20
2136,20
9476,20
897,20
912,20
8272,20
281,20
9220,20
1408,20
8328,20
8322,20
8450,20
8385,20
245,20
4356,20
1300,20
3090,20
658,20
8456,20
4376,20
1220,20
2082,20
4108,19
4106,19
82,19
25,19
70,19
6150,19
788,19
792,19
1033,19
9224,19
2417,19
4362,19
753,19
2354,19
8772,19
450,19
8216,19
5123,19
5122,19
8211,19
3075,19
8273,19
581,19
848,19
6656,19
550,19
2600,19
2566,19
180,19
4370,19
4408,19
2440,19
1192,19
1184,19
3200,19
3202,19
4456,19
8210,19
243,19
1392,19
1313,19
4618,19
4616,19
577,19
1298,19
1297,19
9280,19
1284,19
2800,19
9472,19
8290,19
1542,19
2932,19
2058,19
84,19
2817,19
5648,19
6154,18
2340,18
2344,18
778,18
4105,18
3712,18
4120,18
6152,18
408,18
4355,18
552,18
4170,18
1045,18
2353,18
418,18
1036,18
2400,18
8738,18
8776,18
2184,18
773,18
2130,18
497,18
1289,18
8482,18
8512,18
1217,18
5137,18
2704,18
8206,18
3232,18
1160,18
8545,18
1076,18
720,18
169,18
4369,18
394,18
5256,18
402,18
401,18
1073,18
1112,18
99,18
4145,18
4176,18
3456,18
3330,18
3332,18
150,18
8228,18
4496,18
1283,18
580,18
9729,18
4880,18
283,18
242,18
4673,18
8458,18
328,18
8449,18
1602,18
8464,18
1286,18
1548,18
8324,18
8340,18
8352,18
652,18
4629,18
817,18
818,18
270,18
282,18
8260,18
3585,18
3592,18
864,18
2200,18
54,18
57,18
2192,18
2057,18
2055,18
2072,18
2113,18
2120,17
2124,17
8257,17
4865,17
269,17
298,17
2848,17
67,17
904,17
1345,17
1393,17
252,17
4674,17
5128,17
5125,17
610,17
593,17
313,17
8240,17
8241,17
1576,17
4628,17
1473,17
261,17
2946,17
5250,17
4357,17
4361,17
4358,17
5248,17
1796,17
5312,17
1776,17
9232,17
6280,17
1104,17
1074,17
4392,17
4372,17
562,17
7184,17
8576,17
704,17
2512,17
5186,17
344,17
2656,17
2625,17
353,17
1232,17
4420,17
1268,17
3108,17
4592,17
4609,17
579,17
9600,17
5392,17
756,17
106,17
98,17
8720,17
2309,17
2186,17
771,17
5636,17
2144,17
4129,17
808,17
14,17
4122,17
3856,17
8832,17
1066,17
134,17
3393,17
5504,17
6216,17
522,17
4164,17
4296,17
4264,17
4337,17
156,17
1520,16
8296,16
2992,16
4738,16
2944,16
2804,16
2805,16
3078,16
3080,16
657,16
8453,16
4884,16
2866,16
293,16
4634,16
8339,16
4752,16
1409,16
643,16
310,16
1560,16
58,16
86,16
2181,16
2201,16
2059,16
2053,16
2092,16
3590,16
8960,16
3588,16
1546,16
4481,16
672,16
3105,16
232,16
326,16
6660,16
1922,16
6274,16
2436,16
9234,16
2434,16
5185,16
4388,16
5264,16
1164,16
708,16
8577,16
197,16
2488,16
387,16
2565,16
201,16
1265,16
3089,16
211,16
9744,16
4620,16
4513,16
4417,16
356,16
2642,16
5192,16
2689,16
5176,16
568,16
587,16
161,16
6192,16
6180,16
6164,16
2356,16
2378,16
2355,16
8714,16
434,16
4260,16
4244,16
554,16
3314,16
162,16
9217,16
1049,16
4289,16
2307,16
774,16
8768,16
4134,16
2433,16
4137,16
777,16
6162,16
786,16
8864,16
8834,16
960,16
515,16
913,16
9088,16
35,16
21,15
3840,15
586,15
3844,15
46,15
3696,15
4424,15
588,15
852,15
4432,15
1592,15
1680,15
4448,15
1665,15
8968,15
1666,15
598,15
1632,15
616,15
196,15
612,15
3137,15
2598,15
2594,15
7424,15
4492,15
3201,15
195,15
141,15
2692,15
3384,15
395,15
8325,15
4632,15
3082,15
8326,15
6657,15
3074,15
8356,15
3056,15
3096,15
8288,15
8276,15
3112,15
1794,15
2581,15
323,15
2672,15
1812,15
7172,15
5377,15
533,15
4720,15
3348,15
342,15
1416,15
78,15
4696,15
149,15
3329,15
3349,15
6402,15
5364,15
1170,15
1169,15
2357,15
358,15
2768,15
2332,15
812,15
9984,15
9348,15
4405,15
4418,15
8710,15
1042,15
2297,15
2826,15
9226,15
1048,15
2369,15
1093,15
4225,15
2424,15
2384,15
760,15
706,15
2118,15
8716,15
8744,15
4131,15
5132,15
5697,15
404,15
2160,15
2418,15
2128,15
8480,15
2085,15
2896,15
8472,15
263,15
1266,15
8740,15
1304,15
523,15
4124,15
1348,15
1346,15
3392,15
519,15
3568,15
5384,15
2466,15
5488,15
75,14
5378,14
2484,14
4338,14
4344,14
6184,14
5380,14
1412,14
6304,14
4625,14
2706,14
537,14
4664,14
4676,14
4626,14
6720,14
2694,14
8336,14
535,14
553,14
556,14
1797,14
178,14
1472,14
3316,14
914,14
796,14
649,14
625,14
1545,14
3138,14
5216,14
2610,14
3217,14
1569,14
4466,14
596,14
7680,14
373,14
2570,14
3216,14
572,14
801,14
38,14
833,14
802,14
23,14
3280,14
2571,14
2572,14
6658,14
1317,14
90,14
8465,14
2070,14
4768,14
9284,14
2051,14
2464,14
500,14
396,14
3376,14
369,14
297,14
2194,14
2196,14
5696,14
3472,14
2178,14
1224,14
4146,14
8484,14
101,14
692,14
2129,14
284,14
689,14
3460,14
4868,14
8752,14
9408,14
673,14
3377,14
6149,14
8737,14
8784,14
8739,14
4304,14
713,14
2736,14
5472,14
2386,14
2387,14
2836,14
8580,14
4944,14
441,14
316,14
2801,14
4929,14
4193,14
307,14
1037,14
2272,14
1043,14
2256,14
2428,14
761,14
2809,14
4152,14
1050,14
1062,14
2361,14
2338,14
1105,14
433,14
2339,14
1031,14
1027,14
2626,14
361,14
2641,14
5200,14
9352,14
9346,14
1604,14
7,14
1636,13
1350,13
3008,13
8400,13
538,13
1376,13
246,13
249,13
722,13
2325,13
2329,13
8712,13
1054,13
1081,13
417,13
5394,13
6153,13
3362,13
3586,13
6289,13
5280,13
2504,13
789,13
5148,13
2705,13
4168,13
4182,13
438,13
2310,13
1585,13
3266,13
1688,13
2618,13
376,13
2680,13
3233,13
8236,13
1123,13
1124,13
1132,13
449,13
2341,13
1090,13
152,13
666,13
1364,13
2960,13
83,13
5382,13
6161,13
525,13
3633,13
2563,13
2578,13
4196,13
4200,13
4202,13
2401,13
2373,13
582,13
526,13
1314,13
674,13
498,13
8454,13
6432,13
9728,13
4613,13
309,13
2844,13
4912,13
5570,13
613,13
177,13
2593,13
888,13
8344,13
1440,13
952,13
8833,13
8836,13
2449,13
2452,13
2457,13
8770,13
680,13
2067,13
2073,13
1173,13
1180,13
1186,13
2385,13
1550,13
184,13
7296,13
7304,13
2074,13
2098,13
2104,13
267,13
3077,13
2552,13
916,13
2693,13
338,13
300,13
7185,13
3152,13
1778,13
7170,13
3144,13
2900,13
2083,13
2086,13
2928,13
2188,13
4902,13
8578,13
8584,13
8745,13
8756,13
1474,13
165,13
166,13
3091,13
472,13
1248,13
275,13
277,13
2132,13
1272,13
4272,13
291,13
4240,13
1221,13
8516,13
5140,13
8728,13
325,13
332,13
2588,13
3616,13
2573,13
4248,13
4872,13
212,13
8289,13
4371,13
4545,13
8270,13
8993,13
3648,13
2609,13
3841,13
820,13
389,13
142,13
5008,13
2313,13
881,13
4465,13
9345,13
563,13
3248,13
44,12
5224,12
4426,12
1648,12
8229,12
8227,12
1609,12
4464,12
2664,12
531,12
4340,12
3368,12
393,12
391,12
3842,12
9025,12
569,12
8992,12
6784,12
1824,12
209,12
4876,12
2152,12
2150,12
2145,12
8489,12
3458,12
790,12
906,12
901,12
1801,12
1524,12
4140,12
5138,12
2193,12
295,12
9601,12
1270,12
5824,12
4257,12
8498,12
4866,12
551,12
3116,12
4364,12
1840,12
6688,12
8353,12
403,12
5424,12
2442,12
4229,12
5641,12
2242,12
9474,12
2212,12
2210,12
2209,12
4234,12
122,12
1185,12
8552,12
2546,12
5425,12
412,12
961,12
2122,12
2121,12
4800,12
4784,12
1291,12
1290,12
1308,12
5904,12
3084,12
7208,12
4544,12
632,12
7176,12
1810,12
1809,12
2224,12
8544,12
1228,12
114,12
51,12
4103,12
2089,12
506,12
504,12
2097,12
2076,12
8261,12
1744,12
9221,12
409,12
405,12
2241,12
1193,12
7236,12
9281,12
780,12
5410,12
8330,12
886,12
884,12
4489,12
609,12
1162,12
1158,12
1155,12
2753,12
4622,12
3338,12
3337,12
3335,12
3334,12
2976,12
2062,12
2962,12
1577,12
4472,12
1732,12
1068,12
1065,12
5129,12
2569,12
5385,12
8800,12
665,12
1928,12
4649,12
1426,12
4644,12
6404,12
2808,12
2802,12
9225,12
456,12
1128,12
1122,12
4436,12
3208,12
866,12
2620,12
2612,12
445,12
4173,12
4167,12
6276,12
5360,12
2508,12
946,12
6288,12
2690,12
1057,12
9240,12
9236,12
4148,12
744,12
757,12
9235,12
728,12
868,12
8368,12
1379,12
6200,12
541,12
8392,12
4684,12
4680,12
2993,12
4689,12
3713,12
3888,12
3872,12
2627,12
824,12
8220,12
15,12
1616,11
8213,11
8214,11
42,11
810,11
364,11
834,11
840,11
2648,11
5202,11
858,11
8994,11
5209,11
3744,11
39,11
27,11
4118,11
6186,11
4339,11
4348,11
534,11
4704,11
8387,11
6213,11
3331,11
6155,11
1352,11
1354,11
3378,11
8404,11
8416,11
6169,11
6177,11
6178,11
794,11
8848,11
1936,11
5257,11
55,11
60,11
785,11
5361,11
6244,11
6273,11
8355,11
650,11
6336,11
6344,11
1920,11
154,11
158,11
8459,11
8460,11
668,11
1368,11
2497,11
2498,11
3576,11
397,11
8468,11
6156,11
6157,11
6147,11
4740,11
8457,11
3333,11
9732,11
4617,11
8345,11
8332,11
1322,11
1329,11
1332,11
1333,11
5144,11
2456,11
8466,11
681,11
2075,11
509,11
1876,11
2553,11
5249,11
4107,11
4109,11
2698,11
5153,11
5156,11
2897,11
1292,11
4772,11
9473,11
2920,11
8473,11
3425,11
5872,11
964,11
968,11
2421,11
1010,11
6664,11
170,11
172,11
1856,11
1860,11
549,11
3448,11
9276,11
690,11
4276,11
286,11
4874,11
2888,11
3122,11
8294,11
8300,11
4378,11
214,11
3106,11
1521,11
1522,11
1226,11
8513,11
4882,11
4883,11
5131,11
8721,11
4147,11
331,11
1804,11
2582,11
348,11
5164,11
898,11
908,11
2548,11
124,11
4233,11
2214,11
5664,11
5716,11
2872,11
1218,11
2388,11
4212,11
4228,11
4230,11
9632,11
8268,11
1547,11
1777,11
3145,11
2822,11
2852,11
4900,11
1181,11
1189,11
406,11
9222,11
626,11
628,11
9762,11
3281,11
4504,11
4516,11
4386,11
1561,11
1539,11
1541,11
2300,11
4913,11
714,11
9248,11
1157,11
1166,11
2819,11
2820,11
202,11
4032,11
8896,11
5252,11
1138,11
4184,11
4185,11
2404,11
1035,11
2371,11
2374,11
5492,11
1728,11
1574,11
1553,11
1554,11
1696,11
1708,11
3212,11
4442,11
1126,11
8609,11
451,11
452,11
318,11
4934,11
2825,11
1136,11
1137,11
5508,11
4177,11
1144,11
1121,11
4402,11
374,11
377,11
5169,11
8961,11
8976,11
1100,11
9233,11
436,11
2770,11
5056,11
108,11
9856,11
4961,11
4976,11
4977,11
1080,11
1082,11
1061,11
427,11
1099,11
8218,11
565,11
5217,11
45,11
5656,10
2849,10
1171,10
705,10
712,10
5700,10
2218,10
5666,10
8207,10
585,10
1670,10
8984,10
9000,10
3904,10
1633,10
5640,10
5650,10
2244,10
2833,10
4208,10
9252,10
8520,10
4889,10
3240,10
1590,10
8217,10
294,10
2198,10
2204,10
8548,10
4236,10
1161,10
2821,10
4932,10
4195,10
3221,10
1570,10
5172,10
3652,10
570,10
314,10
5568,10
8640,10
465,10
2868,10
1219,10
469,10
470,10
5768,10
9480,10
4245,10
8488,10
1573,10
602,10
3204,10
3632,10
9544,10
5232,10
2881,10
2884,10
8600,10
453,10
454,10
457,10
315,10
4169,10
4172,10
614,10
203,10
7426,10
7432,10
4490,10
3184,10
3617,10
3601,10
2676,10
2574,10
3442,10
688,10
5792,10
3476,10
4180,10
4945,10
442,10
2311,10
2315,10
7232,10
1549,10
8262,10
350,10
2674,10
900,10
902,10
721,10
2115,10
4850,10
4870,10
4268,10
3441,10
9264,10
9425,10
2702,10
5154,10
5155,10
337,10
5266,10
9760,10
4528,10
7177,10
1760,10
4498,10
1730,10
4816,10
1274,10
732,10
1108,10
2294,10
5514,10
4536,10
3156,10
3160,10
3139,10
629,10
53,10
5906,10
4292,10
1285,10
1287,10
1334,10
8469,10
3142,10
3146,10
4380,10
182,10
928,10
940,10
8804,10
945,10
2708,10
2513,10
793,10
9286,10
2091,10
2093,10
2069,10
2078,10
2948,10
4753,10
3408,10
1798,10
1816,10
3594,10
3598,10
4117,10
2500,10
61,10
8849,10
3409,10
1331,10
2345,10
5505,10
2792,10
9238,10
1084,10
210,10
9776,10
1528,10
8280,10
8281,10
4552,10
559,10
2034,10
4737,10
4739,10
499,10
1349,10
2984,10
5952,10
6128,10
2481,10
2482,10
4377,10
1826,10
220,10
6913,10
4568,10
3121,10
3124,10
1336,10
1315,10
675,10
3394,10
1098,10
2362,10
2364,10
419,10
5010,10
1046,10
736,10
6704,10
6659,10
163,10
4119,10
4121,10
398,10
5400,10
5368,10
9860,10
6166,10
6194,10
2978,10
660,10
1361,10
4700,10
4600,10
3093,10
2450,10
5408,10
85,10
782,10
4706,10
4708,10
9368,10
1353,10
4163,10
2377,10
2358,10
5072,10
4611,10
225,10
226,10
167,10
1858,10
1864,10
540,10
6212,10
6210,10
1952,10
8388,10
1396,10
3345,10
107,10
8709,10
8713,10
9219,10
2389,10
2392,10
2425,10
1410,10
1414,10
2437,10
2446,10
9520,10
2721,10
2722,10
2724,10
5146,10
4631,10
4642,10
1417,10
8360,10
3340,10
3313,10
6472,10
9736,10
3060,10
250,10
6282,10
2412,10
2744,10
5126,10
5130,10
8724,10
9296,10
4650,10
1921,10
9792,10
4135,10
5432,10
2435,10
764,10
6416,10
3746,10
805,10
809,10
3876,10
2638,10
1634,10
1608,10
2616,10
836,10
9008,10
3826,10
3825,10
30,10
299,9
3864,9
3858,9
3857,9
9016,9
3651,9
1612,9
4412,9
8215,9
9349,9
5644,9
4227,9
4231,9
2246,9
5635,9
717,9
9249,9
9250,9
571,9
3236,9
1587,9
4387,9
4394,9
4396,9
4397,9
4641,9
1420,9
1429,9
1432,9
6480,9
1888,9
1415,9
6284,9
6296,9
1976,9
2402,9
5443,9
5127,9
8722,9
93,9
4652,9
3347,9
105,9
9223,9
5448,9
5450,9
1413,9
6401,9
6406,9
1904,9
1009,9
1012,9
2438,9
2444,9
9602,9
1464,9
4630,9
3081,9
227,9
228,9
1442,9
1444,9
4593,9
6214,9
6217,9
6224,9
6226,9
6198,9
1984,9
254,9
4678,9
4686,9
1400,9
985,9
8769,9
775,9
1842,9
4705,9
4150,9
1051,9
1067,9
2757,9
2764,9
3352,9
539,9
646,9
647,9
8327,9
6560,9
2468,9
3364,9
135,9
139,9
8424,9
4342,9
4345,9
1422,9
6211,9
4692,9
4602,9
8341,9
1457,9
2458,9
2460,9
91,9
9752,9
3113,9
6694,9
547,9
1337,9
677,9
3402,9
1097,9
5032,9
6661,9
1480,9
8338,9
4365,9
8786,9
970,9
4123,9
3300,9
8274,9
1505,9
6920,9
1795,9
4328,9
8451,9
2961,9
4744,9
4746,9
4748,9
9376,9
527,9
1832,9
6801,9
9746,9
595,9
3140,9
1781,9
3416,9
4305,9
2346,9
4948,9
4994,9
9237,9
1059,9
1094,9
4322,9
173,9
9778,9
8292,9
3296,9
936,9
787,9
5296,9
1306,9
2106,9
2945,9
2949,9
9664,9
9288,9
1321,9
4294,9
3596,9
4115,9
77,9
9104,9
5381,9
918,9
3610,9
4110,9
2700,9
9512,9
4760,9
2929,9
4769,9
4290,9
4291,9
4293,9
1323,9
1299,9
1305,9
179,9
932,9
4808,9
2140,9
1273,9
1109,9
1114,9
2291,9
2323,9
2330,9
2333,9
9498,9
9090,9
630,9
9312,9
9320,9
8266,9
8865,9
5160,9
4084,9
1563,9
1075,9
724,9
4280,9
3424,9
484,9
5896,9
5898,9
4802,9
3170,9
7180,9
7204,9
7312,9
1731,9
3186,9
2550,9
3653,9
2156,9
2164,9
8524,9
3480,9
2812,9
2316,9
2318,9
7248,9
183,9
5288,9
5292,9
2528,9
343,9
8904,9
382,9
9540,9
5244,9
3268,9
4401,9
4878,9
2882,9
2886,9
8608,9
9616,9
1116,9
4171,9
1564,9
7392,9
1712,9
5760,9
5764,9
2179,9
2183,9
2185,9
5712,9
9475,9
9478,9
4242,9
2172,9
2146,9
285,9
3654,9
4484,9
1557,9
8898,9
8250,9
1571,9
1572,9
5168,9
5174,9
2657,9
8962,9
8963,9
9488,9
9492,9
5536,9
8532,9
8536,9
8514,9
2865,9
5752,9
597,9
599,9
601,9
8199,9
8203,9
8205,9
5698,9
8546,9
115,9
1165,9
4186,9
4194,9
4198,9
4452,9
4467,9
3220,9
9568,9
2856,9
4897,9
2258,9
2264,9
3473,9
1236,9
2213,9
883,9
2666,9
2595,9
2602,9
2604,9
850,9
3952,9
9347,9
4130,9
103,9
327,9
334,9
8746,9
1906,9
3849,9
3850,9
803,9
804,9
9040,9
1620,9
3880,9
2628,9
2634,9
2653,9
826,8
3852,8
3714,8
9044,8
8222,8
1617,8
1618,8
1619,8
4403,8
1640,8
9354,8
1624,8
1622,8
3936,8
856,8
5204,8
5201,8
2601,8
2597,8
1673,8
1669,8
1649,8
8233,8
8230,8
4235,8
121,8
1206,8
5672,8
4886,8
8518,8
9253,8
2842,8
2841,8
4901,8
5639,8
2245,8
1188,8
3496,8
8582,8
5669,8
2301,8
2299,8
2298,8
2295,8
5552,8
459,8
458,8
1140,8
8624,8
8616,8
2823,8
4916,8
2257,8
5616,8
5572,8
9254,8
8492,8
4243,8
2182,8
5728,8
1260,8
1225,8
8529,8
1241,8
4881,8
2876,8
2874,8
2873,8
2869,8
9482,8
8652,8
8649,8
8521,8
2168,8
2161,8
2138,8
2134,8
279,8
9270,8
3444,8
4166,8
317,8
8593,8
1125,8
8656,8
2883,8
2148,8
8497,8
481,8
9260,8
4266,8
4258,8
3461,8
4836,8
9409,8
9401,8
3428,8
4274,8
4273,8
1101,8
2319,8
444,8
1141,8
4181,8
2077,8
2071,8
2090,8
9256,8
1267,8
1310,8
2934,8
2930,8
4761,8
437,8
435,8
2326,8
1135,8
1276,8
4834,8
4820,8
1341,8
1338,8
9362,8
5921,8
4743,8
2972,8
2032,8
1078,8
4998,8
4986,8
5506,8
2342,8
1318,8
508,8
503,8
2061,8
8432,8
667,8
659,8
2980,8
4728,8
4724,8
4721,8
6181,8
6165,8
9858,8
109,8
739,8
1047,8
428,8
2363,8
4308,8
1956,8
8420,8
6209,8
1985,8
3354,8
3350,8
2760,8
2756,8
5106,8
2381,8
1052,8
9229,8
9862,8
1356,8
4690,8
3367,8
6312,8
6308,8
247,8
1411,8
8376,8
5456,8
2737,8
9120,8
8707,8
1039,8
1394,8
8397,8
8389,8
4681,8
6278,8
6277,8
4668,8
4660,8
4658,8
4657,8
4656,8
6358,8
6352,8
655,8
95,8
1013,8
5440,8
2409,8
2405,8
2403,8
6245,8
6240,8
1446,8
1434,8
1428,8
1425,8
8359,8
4643,8
8760,8
8754,8
996,8
8748,8
8742,8
410,8
4138,8
8372,8
9798,8
3355,8
6676,8
1857,8
6669,8
6665,8
3085,8
6546,8
3099,8
5145,8
5142,8
5134,8
9152,8
4621,8
9740,8
9730,8
6496,8
8354,8
3321,8
8337,8
1475,8
6721,8
1848,8
1846,8
6696,8
779,8
8774,8
92,8
5412,8
2459,8
2476,8
1458,8
8342,8
4594,8
8314,8
3128,8
4576,8
6684,8
3111,8
3110,8
9745,8
6788,8
1830,8
4373,8
5389,8
5383,8
963,8
8787,8
8732,8
3322,8
1780,8
7040,8
6936,8
1543,8
594,8
8852,8
9888,8
2501,8
2485,8
8838,8
1817,8
1802,8
558,8
4550,8
8277,8
4366,8
2520,8
3608,8
8265,8
9314,8
635,8
634,8
3154,8
4538,8
4529,8
5320,8
5318,8
5314,8
2691,8
8269,8
4546,8
7169,8
1736,8
7336,8
4500,8
4497,8
7182,8
4521,8
4518,8
3177,8
3174,8
3172,8
3169,8
4506,8
4502,8
5254,8
5253,8
339,8
2677,8
3624,8
3192,8
4486,8
7428,8
611,8
1559,8
4088,8
3641,8
3636,8
905,8
2675,8
2538,8
188,8
185,8
8259,8
4483,8
3209,8
3206,8
3205,8
7712,8
7684,8
1704,8
8234,8
1581,8
892,8
5251,8
2556,8
2554,8
2549,8
2547,8
2545,8
8252,8
8248,8
4468,8
1686,8
1685,8
3264,8
378,8
2567,8
9537,8
380,8
8900,8
8897,8
920,8
3968,8
1555,8
3282,8
1613,8
4390,8
1588,8
1684,8
7824,8
7744,8
4433,8
882,8
8929,8
8912,8
8969,8
8967,8
8966,8
2658,8
5170,8
2682,8
3874,8
29,8
9024,8
3700,8
822,8
3862,8
3860,8
355,8
2617,8
2613,8
2611,8
3649,8
3954,8
1611,8
4409,8
4404,8
2220,8
2217,8
1187,8
1172,8
302,8
2232,8
5652,8
113,8
9552,8
2645,8
2643,8
5193,8
5190,8
5188,8
2630,8
3664,8
9920,7
806,7
9985,7
9032,7
838,7
841,7
843,7
844,7
2579,7
2681,7
5180,7
2606,7
5220,7
5203,7
5208,7
357,7
359,7
3890,7
8981,7
849,7
8998,7
2537,7
346,7
5158,7
5162,7
2673,7
381,7
383,7
9538,7
9545,7
5226,7
5228,7
5238,7
3906,7
8964,7
8972,7
865,7
8980,7
5313,7
5316,7
2524,7
5336,7
5344,7
2697,7
5255,7
5284,7
8928,7
3656,7
3970,7
3973,7
3986,7
4024,7
924,7
2505,7
2506,7
5362,7
5366,7
5149,7
5151,7
2709,7
2710,7
2712,7
2715,7
5297,7
903,7
3620,7
3628,7
3602,7
797,7
9092,7
8869,7
8873,7
2454,7
5396,7
2467,7
5374,7
5346,7
2499,7
59,7
929,7
931,7
8801,7
8808,7
8835,7
8840,7
335,7
2439,7
9522,7
8845,7
9880,7
962,7
969,7
972,7
3569,7
8773,7
781,7
763,7
8725,7
3553,7
8711,7
1053,7
1069,7
5088,7
5104,7
2754,7
5478,7
2390,7
2393,7
740,7
4154,7
4165,7
9244,7
1087,7
1077,7
729,7
1107,7
1118,7
4174,7
3522,7
8660,7
8592,7
8596,7
8598,7
5026,7
2774,7
5058,7
2394,7
2375,7
2380,7
5496,7
8610,7
8612,7
4188,7
3509,7
4197,7
4204,7
1174,7
1179,7
710,7
1190,7
1196,7
4947,7
4960,7
2359,7
422,7
8586,7
4209,7
4217,7
3490,7
3494,7
8564,7
8572,7
4933,7
4936,7
2317,7
2334,7
2335,7
9494,7
9506,7
2348,7
5510,7
1208,7
117,7
118,7
119,7
8530,7
311,7
460,7
462,7
9490,7
5537,7
5538,7
5544,7
5520,7
1254,7
8515,7
8517,7
8525,7
1234,7
3478,7
3482,7
3484,7
4252,7
5637,7
4904,7
2837,7
2845,7
2276,7
5584,7
3464,7
4263,7
9272,7
1269,7
4278,7
3426,7
1295,7
9259,7
9266,7
9282,7
2225,7
4892,7
2853,7
2260,7
2250,7
2252,7
5633,7
4299,7
4302,7
3412,7
3418,7
1340,7
4312,7
4888,7
2211,7
5665,7
3396,7
3401,7
4320,7
4321,7
8455,7
8461,7
670,7
1362,7
1366,7
1367,7
1357,7
3380,7
3381,7
3382,7
3361,7
3363,7
1377,7
2149,7
4873,7
2885,7
466,7
5720,7
5762,7
2191,7
464,7
2870,7
1380,7
4346,7
8386,7
1402,7
4852,7
4856,7
2153,7
2158,7
5808,7
5779,7
1436,7
1437,7
8358,7
8364,7
1427,7
9297,7
9300,7
1449,7
3342,7
3318,7
1456,7
1460,7
1441,7
8329,7
4778,7
4824,7
5876,7
2117,7
2125,7
1482,7
4363,7
8293,7
8304,7
8312,7
1488,7
8323,7
2931,7
2937,7
2939,7
4770,7
4776,7
9410,7
9441,7
482,7
490,7
5900,7
4374,7
1523,7
633,7
9313,7
8263,7
8267,7
618,7
9304,7
2950,7
2954,7
2956,7
4754,7
9672,7
2099,7
2100,7
5908,7
2087,7
186,7
3288,7
617,7
8243,7
8244,7
8247,7
605,7
8237,7
6048,7
2964,7
2968,7
2063,7
4393,7
3265,7
1606,7
8221,7
8223,7
9353,7
9356,7
4406,7
4415,7
574,7
1652,7
1654,7
583,7
1667,7
1668,7
4714,7
4716,7
2985,7
6158,7
9360,7
510,7
5936,7
6000,7
9357,7
566,7
4434,7
4440,7
3238,7
3242,7
4449,7
7724,7
7745,7
1990,7
6168,7
6170,7
6172,7
4709,7
7841,7
7872,7
8002,7
4453,7
3218,7
7492,7
7682,7
7683,7
255,7
4675,7
4677,7
4682,7
3009,7
3014,7
6228,7
6233,7
7688,7
4485,7
198,7
7433,7
7442,7
7445,7
1714,7
7488,7
204,7
4663,7
6293,7
1937,7
1938,7
1944,7
6256,7
205,7
3185,7
7306,7
7328,7
1729,7
1740,7
7369,7
7205,7
7216,7
7217,7
6418,7
4645,7
4646,7
4648,7
6320,7
6322,7
1924,7
1932,7
4651,7
7234,7
1746,7
4508,7
7186,7
7196,7
1897,7
6530,7
6368,7
6372,7
6408,7
6414,7
1917,7
7200,7
4530,7
3162,7
7056,7
1784,7
3147,7
1873,7
1880,7
234,7
237,7
6464,7
1896,7
3148,7
3150,7
4548,7
557,7
6928,7
6832,7
6856,7
1818,7
4561,7
4577,7
4585,7
3133,7
213,7
6724,7
6760,7
6793,7
4604,7
3092,7
3098,7
6533,7
6548,7
6592,7
6596,7
1872,7
216,7
3107,7
3109,7
1841,7
1843,7
6709,7
6668,7
6672,7
9904,7
3793,7
3824,7
825,7
828,7
9026,7
3736,7
3720,7
3724,6
3718,6
3715,6
5171,6
2621,6
2622,6
5218,6
5213,6
845,6
846,6
819,6
3865,6
3881,6
3896,6
3666,6
8985,6
854,6
860,6
8996,6
6538,6
6540,6
6552,6
215,6
217,6
218,6
3115,6
6692,6
1852,6
1859,6
6674,6
3766,6
3776,6
3780,6
3796,6
3812,6
6849,6
1813,6
1819,6
1820,6
4580,6
6725,6
6726,6
6728,6
1833,6
6786,6
6787,6
3117,6
4598,6
3094,6
3100,6
6536,6
1788,6
1874,6
3079,6
3083,6
233,6
6436,6
6452,6
6468,6
6474,6
6488,6
1892,6
4549,6
4554,6
4560,6
555,6
6916,6
9739,6
4615,6
4619,6
3058,6
6410,6
6412,6
1910,6
7201,6
4540,6
4541,6
3164,6
6933,6
6944,6
6978,6
6992,6
1787,6
6356,6
6361,6
1929,6
7264,6
7297,6
7299,6
7300,6
3176,6
3179,6
4520,6
7171,6
7189,6
7190,6
7192,6
1898,6
9738,6
1940,6
1945,6
1968,6
6248,6
6264,6
6275,6
206,6
3188,6
7329,6
7330,6
7362,6
7366,6
3061,6
4633,6
6338,6
6339,6
542,6
6220,6
6232,6
6196,6
6197,6
3203,6
3210,6
7444,6
7448,6
1716,6
1721,6
7456,6
4662,6
3024,6
3026,6
6297,6
2996,6
3004,6
6183,6
6187,6
6190,6
4458,6
4469,6
7489,6
7528,6
1698,6
1699,6
1705,6
7686,6
6281,6
251,6
4685,6
9392,6
5964,6
6001,6
1675,6
1676,6
3257,6
3241,6
4450,6
7812,6
7816,6
1986,6
1988,6
3016,6
4691,6
4694,6
4698,6
1610,6
8219,6
1601,6
1642,6
4425,6
4428,6
4429,6
3252,6
3254,6
1657,6
1674,6
4712,6
4722,6
4729,6
6151,6
6163,6
6025,6
6096,6
2965,6
4742,6
4745,6
4747,6
5927,6
9382,6
501,6
502,6
1593,6
8242,6
4389,6
4398,6
3267,6
3272,6
2952,6
2953,6
4755,6
2101,6
2108,6
2110,6
187,6
190,6
9763,6
9764,6
9328,6
603,6
8238,6
1586,6
6004,6
6018,6
9784,6
4756,6
2940,6
9442,6
9450,6
488,6
493,6
3304,6
4381,6
181,6
1525,6
8275,6
8278,6
638,6
620,6
2947,6
4791,6
4809,6
2916,6
4832,6
5873,6
2126,6
5889,6
5890,6
1484,6
3323,6
3326,6
1508,6
8297,6
8298,6
8305,6
8308,6
8367,6
1433,6
651,6
654,6
9299,6
1453,6
155,6
9808,6
3315,6
8346,6
8350,6
645,6
8331,6
5902,6
4787,6
4788,6
3346,6
4851,6
4860,6
5796,6
5798,6
5812,6
5848,6
2137,6
5776,6
5777,6
2147,6
3356,6
9793,6
8369,6
8370,6
8357,6
467,6
468,6
471,6
5750,6
2189,6
1385,6
1386,6
9825,6
3369,6
3372,6
3373,6
4341,6
8390,6
8396,6
1403,6
8401,6
3395,6
3398,6
3399,6
4324,6
661,6
662,6
1355,6
3379,6
3388,6
8410,6
8417,6
8418,6
8422,6
1378,6
2151,6
4877,6
4307,6
8463,6
5673,6
5680,6
5681,6
2197,6
2199,6
5704,6
2216,6
2219,6
5667,6
5642,6
5645,6
5647,6
5649,6
4316,6
5658,6
2228,6
9637,6
4890,6
2850,6
4898,6
2249,6
5634,6
9290,6
9294,6
1320,6
4298,6
4300,6
3417,6
3420,6
4306,6
4261,6
4262,6
3450,6
9268,6
700,6
3433,6
3436,6
1294,6
8467,6
8477,6
1301,6
1302,6
1307,6
682,6
9289,6
5657,6
2838,6
2843,6
4914,6
2274,6
2277,6
2280,6
5586,6
5587,6
5588,6
8486,6
8490,6
8491,6
8496,6
8500,6
8505,6
3462,6
5626,6
5628,6
2827,6
4930,6
461,6
5531,6
5553,6
2303,6
1253,6
4241,6
4250,6
4253,6
3457,6
8483,6
8485,6
4908,6
443,6
9508,6
5509,6
5512,6
5513,6
1204,6
1215,6
120,6
126,6
4239,6
8533,6
8539,6
1222,6
1227,6
1249,6
1252,6
423,6
426,6
429,6
9505,6
5001,6
8579,6
8581,6
8590,6
4210,6
9828,6
8547,6
8560,6
1200,6
1202,6
5521,6
4938,6
2776,6
2398,6
5489,6
5060,6
3512,6
9255,6
1178,6
1182,6
1194,6
4969,6
4978,6
4980,6
2789,6
4993,6
4995,6
421,6
8672,6
8673,6
8680,6
1110,6
1117,6
1091,6
3528,6
3530,6
4178,6
8648,6
8597,6
5004,6
5012,6
5013,6
5025,6
2769,6
2762,6
2740,6
2742,6
5452,6
5473,6
2408,6
2410,6
5441,6
5442,6
2748,6
1071,6
4153,6
4156,6
4157,6
3537,6
1083,6
984,6
8775,6
8733,6
8757,6
8718,6
1017,6
8726,6
4133,6
4142,6
9122,6
9137,6
758,6
759,6
762,6
1063,6
1070,6
3589,6
3595,6
79,6
9872,6
9877,6
8777,6
8780,6
8788,6
3570,6
3571,6
3578,6
9864,6
8764,6
8765,6
979,6
981,6
948,6
2749,6
411,6
5426,6
5429,6
5434,6
2419,6
2420,6
2422,6
5416,6
2443,6
2445,6
2447,6
9604,6
8841,6
8844,6
2726,6
5147,6
2451,6
5411,6
5413,6
2465,6
5369,6
2502,6
3606,6
4111,6
62,6
8853,6
8854,6
8856,6
937,6
938,6
8899,6
2707,6
2713,6
2714,6
5298,6
5304,6
3640,6
4081,6
3618,6
3622,6
3604,6
791,6
8866,6
8878,6
9605,6
9608,6
2514,6
2515,6
2699,6
5157,6
5269,6
5270,6
5281,6
2536,6
8921,6
8938,6
894,6
3969,6
3972,6
3984,6
3993,6
3634,6
3673,6
345,6
2558,6
9550,6
5233,6
3905,6
3920,6
3922,6
3928,6
3956,6
3958,6
869,6
8978,6
8913,6
8914,6
8916,6
3732,6
3721,6
43,6
9033,6
3836,6
3837,6
3843,6
3845,6
3684,6
3688,6
3692,6
835,6
837,6
839,6
2678,6
2679,6
3832,6
3834,6
821,6
830,6
9028,6
360,6
365,6
2633,6
2669,6
5187,6
5189,6
5194,6
2644,6
9580,6
9992,6
9994,6
2486,5
2483,5
5399,5
5393,5
5390,5
5352,5
5348,5
8347,5
87,5
9869,5
3764,5
3763,5
5379,5
1478,5
8334,5
2472,5
5328,5
8363,5
8362,5
1450,5
6440,5
9874,5
89,5
3792,5
1448,5
1470,5
5406,5
5405,5
5404,5
5402,5
5401,5
1494,5
1492,5
1490,5
9859,5
9857,5
125,5
3809,5
123,5
6337,5
6448,5
1430,5
5317,5
2521,5
2516,5
8409,5
8403,5
1401,5
1397,5
8394,5
8393,5
5409,5
2453,5
9800,5
9797,5
9796,5
9826,5
9810,5
159,5
9868,5
8299,5
2427,5
5283,5
5282,5
5273,5
5268,5
2532,5
2529,5
6465,5
6458,5
6357,5
6354,5
6349,5
6348,5
3828,5
151,5
147,5
2426,5
2423,5
5436,5
5428,5
5427,5
2441,5
5449,5
5267,5
5265,5
6476,5
3704,5
9788,5
9777,5
171,5
3686,5
5261,5
5258,5
2590,5
2407,5
2406,5
1504,5
8284,5
8283,5
8282,5
219,5
6291,5
6290,5
6516,5
6509,5
1941,5
3847,5
5236,5
8426,5
5458,5
1387,5
1384,5
1889,5
6310,5
6307,5
6306,5
6294,5
3873,5
2586,5
5210,5
2636,5
2635,5
5221,5
5219,5
2599,5
1330,5
1363,5
1565,5
1562,5
1558,5
5498,5
2660,5
2650,5
2649,5
3884,5
3883,5
3877,5
3668,5
9741,5
1961,5
1891,5
2646,5
5195,5
1335,5
2684,5
5165,5
5163,5
5159,5
2695,5
2733,5
6532,5
6529,5
6528,5
9697,5
9696,5
3912,5
3893,5
2729,5
8476,5
8474,5
8470,5
1326,5
1342,5
2382,5
1580,5
1578,5
9634,5
9633,5
301,5
3944,5
3929,5
9668,5
8246,5
2327,5
5517,5
5108,5
2745,5
2739,5
2738,5
5150,5
349,5
6266,5
271,5
5141,5
5139,5
1275,5
2761,5
5110,5
5516,5
5529,5
5528,5
1257,5
1256,5
6624,5
6246,5
9609,5
8481,5
5073,5
1240,5
8523,5
5093,5
5090,5
5523,5
5522,5
8231,5
1605,5
8528,5
2772,5
5053,5
5048,5
8556,5
5066,5
5064,5
1223,5
9569,5
3661,5
3650,5
3962,5
5541,5
5040,5
5036,5
5034,5
1210,5
1209,5
1205,5
1201,5
5011,5
8589,5
8588,5
1197,5
1645,5
1644,5
1639,5
399,5
415,5
6215,5
1881,5
1970,5
366,5
2286,5
2281,5
2275,5
2273,5
5580,5
1662,5
1660,5
5005,5
5002,5
5000,5
4997,5
1861,5
6662,5
9553,5
9548,5
9542,5
375,5
371,5
9500,5
4016,5
6195,5
1862,5
8611,5
8599,5
1167,5
1658,5
1650,5
1679,5
1677,5
5600,5
1147,5
1146,5
1143,5
8633,5
6689,5
9514,5
9504,5
439,5
8632,5
2784,5
1687,5
1681,5
4952,5
4946,5
4962,5
4935,5
2830,5
2828,5
8646,5
8645,5
8644,5
8641,5
480,5
9496,5
9491,5
9489,5
9484,5
8064,5
8008,5
8000,5
2259,5
2835,5
1130,5
1127,5
2807,5
6700,5
6697,5
6695,5
4064,5
486,5
4940,5
7968,5
7945,5
2268,5
2857,5
1134,5
4924,5
4895,5
8691,5
4906,5
2862,5
2858,5
7937,5
3612,5
3611,5
3639,5
3635,5
9448,5
3619,5
4082,5
6173,5
2233,5
2226,5
1011,5
1038,5
1102,5
4857,5
8741,5
8730,5
2892,5
2890,5
2889,5
4869,5
2018,5
2045,5
6706,5
9426,5
9416,5
9412,5
5675,5
2222,5
993,5
992,5
8750,5
2903,5
505,5
9386,5
9385,5
9384,5
9379,5
9393,5
3577,5
3574,5
3573,5
3572,5
2898,5
2914,5
2912,5
980,5
978,5
8762,5
4853,5
4849,5
4842,5
4149,5
2036,5
2033,5
6737,5
6730,5
6722,5
4126,5
3593,5
2215,5
5688,5
4813,5
4811,5
8778,5
1825,5
6769,5
6754,5
6752,5
2040,5
3556,5
4141,5
4139,5
7760,5
7754,5
7746,5
2187,5
5705,5
5702,5
8794,5
6136,5
1829,5
1828,5
1827,5
9365,5
8790,5
8816,5
8806,5
8803,5
8802,5
4807,5
4801,5
2958,5
2957,5
947,5
944,5
4786,5
4777,5
4774,5
615,5
590,5
6796,5
7728,5
7696,5
4749,5
4741,5
2974,5
2969,5
5717,5
5746,5
5744,5
2977,5
4730,5
9325,5
631,5
3504,5
4179,5
4201,5
3508,5
1700,5
1697,5
5766,5
5761,5
4710,5
3006,5
2994,5
4693,5
935,5
933,5
930,5
8860,5
4211,5
3477,5
3475,5
6816,5
6809,5
6808,5
6112,5
6800,5
9337,5
7616,5
7572,5
7560,5
2170,5
917,5
915,5
8892,5
8872,5
3468,5
3465,5
6865,5
6858,5
6848,5
6836,5
3489,5
4220,5
4218,5
4216,5
4214,5
3446,5
4269,5
4238,5
4237,5
9308,5
9298,5
653,5
663,5
8870,5
2162,5
5772,5
5780,5
909,5
8909,5
8908,5
925,5
3012,5
7500,5
7490,5
5800,5
3036,5
1799,5
6922,5
6921,5
6914,5
6912,5
1815,5
4246,5
3029,5
4670,5
4639,5
4636,5
8941,5
8936,5
2157,5
3410,5
9292,5
9291,5
687,5
678,5
7468,5
7464,5
7457,5
3059,5
889,5
3046,5
1725,5
7440,5
8965,5
4606,5
4596,5
3119,5
3118,5
3068,5
6948,5
6946,5
6932,5
6929,5
6068,5
6065,5
4275,5
3454,5
3419,5
3067,5
3065,5
3064,5
5828,5
7427,5
7425,5
7400,5
7396,5
5856,5
3131,5
3125,5
874,5
3385,5
4297,5
701,5
699,5
691,5
9273,5
4349,5
4347,5
6984,5
6049,5
6976,5
6964,5
3404,5
3400,5
4309,5
3422,5
873,5
8971,5
4571,5
853,5
851,5
8986,5
3132,5
7360,5
7058,5
6024,5
9265,5
9262,5
9257,5
707,5
4350,5
2139,5
2133,5
2131,5
5864,5
5874,5
9012,5
842,5
3161,5
4532,5
3151,5
3149,5
2141,5
4375,5
3309,5
3306,5
3370,5
9245,5
731,5
3297,5
4367,5
7320,5
7298,5
3178,5
3175,5
814,5
9029,5
827,5
3163,5
7178,5
7175,5
1791,5
1790,5
1786,5
3339,5
5897,5
2119,5
5916,5
3198,5
9078,5
4413,5
4411,5
4410,5
4407,5
3299,5
9230,5
9228,5
738,5
3269,5
4399,5
4395,5
9072,5
9056,5
4526,5
4524,5
1748,5
7268,5
4491,5
3173,5
1762,5
7188,5
4421,5
4419,5
5928,5
2095,5
7256,5
7243,5
5953,5
3222,5
4474,5
9100,5
9096,5
3237,5
3235,5
3273,5
3250,5
9094,5
9093,5
9089,5
3189,5
7237,5
7233,5
4454,5
4451,5
3223,5
4445,5
4444,5
4441,5
4437,5
9121,5
4471,5
4470,5
4457,5
5968,5
7220,5
7212,5
7202,5
5984,5
4422,5
9160,5
9154,5
9937,5
9936,5
9922,5
9921,5
3754,5
9968,5
3729,5
6376,5
1908,5
1905,5
3728,5
3725,5
9988,5
9960,5
5365,4
9986,4
9962,4
3772,4
1923,4
6426,4
6425,4
2494,4
1476,4
1498,4
2477,4
2473,4
8365,4
1455,4
1452,4
6447,4
6444,4
6435,4
6433,4
9110,4
9105,4
3230,4
3226,4
3224,4
3234,4
4438,4
9128,4
9124,4
4473,4
5969,4
5956,4
7219,4
7203,4
5985,4
9162,4
9184,4
9169,4
3258,4
3253,4
4430,4
4427,4
5973,4
5972,4
1765,4
1763,4
798,4
5941,4
5939,4
7224,4
3244,4
9116,4
7181,4
4391,4
3295,4
3292,4
3290,4
3289,4
3284,4
5926,4
5922,4
7244,4
7241,4
5945,4
3219,4
4475,4
755,4
9201,4
746,4
745,4
741,4
4525,4
1749,4
7282,4
7265,4
3187,4
4495,4
3213,4
4505,4
1761,4
7198,4
6005,4
5996,4
7195,4
3325,4
3353,4
3351,4
5894,4
5892,4
5891,4
2127,4
2123,4
2094,4
5911,4
5905,4
2109,4
3196,4
3194,4
3276,4
3301,4
4359,4
7316,4
7301,4
1758,4
1756,4
2107,4
811,4
807,4
829,4
7174,4
1789,4
1779,4
6020,4
6016,4
7140,4
7136,4
9020,4
9002,4
857,4
4579,4
4537,4
4534,4
4557,4
4556,4
4553,4
4383,4
4379,4
3366,4
3365,4
9242,4
9241,4
733,4
7044,4
6038,4
6032,4
719,4
711,4
1737,4
1734,4
7352,4
7350,4
7334,4
5885,4
5878,4
5877,4
2143,4
3143,4
3141,4
7041,4
6980,4
6977,4
4311,4
871,4
870,4
867,4
4573,4
8983,4
8979,4
8977,4
877,4
7080,4
7074,4
7049,4
7045,4
5846,4
3130,4
4587,4
876,4
4326,4
3405,4
9267,4
4295,4
3432,4
698,4
696,4
694,4
9278,4
9274,4
3375,4
3371,4
3042,4
3040,4
1724,4
1720,4
1717,4
1715,4
7451,4
4597,4
4595,4
6072,4
6066,4
6064,4
3430,4
4284,4
4283,4
4279,4
9293,4
9287,4
9285,4
9283,4
685,4
684,4
702,4
7460,4
7458,4
5826,4
5816,4
5815,4
4614,4
3101,4
8954,4
8952,4
3486,4
3485,4
3453,4
3028,4
4638,4
4637,4
4635,4
4627,4
8945,4
8940,4
4661,4
5794,4
3414,4
3411,4
4301,4
3470,4
910,4
8901,4
3020,4
4683,4
7498,4
5806,4
5805,4
4659,4
4653,4
3048,4
1803,4
6918,4
6074,4
1814,4
3459,4
4255,4
3445,4
4270,4
4265,4
3498,4
3495,4
9302,4
3469,4
8868,4
5771,4
7553,4
7552,4
5790,4
5787,4
5784,4
5778,4
8931,4
6804,4
6114,4
8855,4
7600,4
7584,4
7559,4
2165,4
8888,4
8876,4
8874,4
6884,4
6100,4
6833,4
3488,4
4219,4
3449,4
4725,4
4715,4
4713,4
4707,4
2987,4
2986,4
2981,4
4699,4
3022,4
941,4
934,4
3483,4
3474,4
6818,4
6817,4
6810,4
637,4
3506,4
3505,4
4189,4
4187,4
4205,4
4199,4
8850,4
8837,4
954,4
950,4
4750,4
1701,4
5765,4
5753,4
8851,4
2970,4
2967,4
2966,4
2936,4
2933,4
4764,4
4762,4
2190,4
7693,4
1706,4
5735,4
5732,4
4727,4
9336,4
9330,4
639,4
591,4
607,4
606,4
622,4
621,4
6799,4
6789,4
6785,4
2206,4
2205,4
7706,4
7700,4
7698,4
5730,4
5729,4
5726,4
4797,4
4796,4
4789,4
4757,4
949,4
8821,4
8820,4
4785,4
4780,4
4775,4
4771,4
3551,4
3548,4
567,4
9351,4
9350,4
1835,4
9366,4
9364,4
573,4
3527,4
3526,4
3521,4
3520,4
4175,4
8792,4
4819,4
4818,4
2938,4
8817,4
4805,4
4804,4
9377,4
3560,4
3554,4
3540,4
3538,4
5684,4
7763,4
7759,4
7756,4
5708,4
5706,4
5701,4
971,4
965,4
1836,4
6130,4
3587,4
507,4
7808,4
7780,4
2202,4
2195,4
5694,4
5690,4
4817,4
8785,4
8783,4
8779,4
5685,4
6776,4
6756,4
2043,4
9404,4
9400,4
9396,4
2902,4
2901,4
2913,4
977,4
8755,4
1004,4
4840,4
9374,4
2035,4
6736,4
6733,4
6729,4
4125,4
9428,4
9415,4
9414,4
5662,4
5660,4
5659,4
5677,4
5676,4
5670,4
5668,4
4837,4
1000,4
994,4
3626,4
9411,4
9405,4
1095,4
1119,4
2851,4
4854,4
8731,4
8729,4
8727,4
8723,4
4871,4
4127,4
2016,4
2046,4
6708,4
1854,4
2005,4
2001,4
9456,4
4089,4
4085,4
4080,4
9445,4
2236,4
2235,4
2234,4
2229,4
2227,4
4867,4
1014,4
8717,4
8715,4
1055,4
1085,4
2253,4
2855,4
8676,4
8675,4
1133,4
4925,4
4915,4
1111,4
8692,4
2859,4
7936,4
7898,4
7842,4
3605,4
3603,4
9457,4
1849,4
1844,4
6702,4
6698,4
6693,4
6193,4
494,4
4057,4
485,4
483,4
4939,4
4937,4
5624,4
5622,4
7960,4
2255,4
477,4
473,4
9485,4
9481,4
9479,4
6189,4
6185,4
8032,4
8005,4
7984,4
2262,4
2846,4
1129,4
2803,4
4942,4
1850,4
8081,4
4956,4
4950,4
4949,4
2814,4
4982,4
4981,4
4966,4
1148,4
2829,4
8657,4
8654,4
9464,4
3646,4
479,4
478,4
6683,4
6681,4
6680,4
6678,4
6677,4
6675,4
1987,4
6202,4
9515,4
9510,4
2788,4
2787,4
8631,4
1690,4
1683,4
5618,4
8603,4
8602,4
8594,4
1163,4
5009,4
5007,4
5006,4
1651,4
1672,4
5596,4
1693,4
1692,4
1145,4
1139,4
6182,4
6690,4
4012,4
4009,4
407,4
9526,4
9524,4
4034,4
6201,4
1868,4
1867,4
1865,4
5022,4
5020,4
8620,4
8613,4
8606,4
8604,4
1638,4
5003,4
4999,4
2794,4
5028,4
6667,4
6666,4
6663,4
6234,4
6229,4
9560,4
9556,4
9539,4
379,4
9499,4
4017,4
8566,4
1177,4
8591,4
8587,4
1213,4
1621,4
6225,4
6222,4
6221,4
1998,4
1996,4
1980,4
1978,4
6238,4
363,4
362,4
3657,4
3960,4
3988,4
3979,4
3977,4
5554,4
5550,4
5548,4
5542,4
5540,4
5571,4
5562,4
1627,4
5044,4
5043,4
5041,4
8537,4
8534,4
1244,4
5080,4
5076,4
2778,4
8550,4
5057,4
5556,4
9572,4
9570,4
4004,4
4002,4
367,4
3660,4
3658,4
1238,4
1237,4
1235,4
1233,4
8522,4
8519,4
5107,4
5105,4
2302,4
2331,4
1594,4
8235,4
1614,4
1607,4
1603,4
1628,4
6618,4
6255,4
6243,4
6242,4
6241,4
9621,4
9619,4
9617,4
9614,4
9610,4
9606,4
8499,4
8495,4
8494,4
8487,4
1277,4
5113,4
5112,4
5515,4
5511,4
2349,4
2343,4
5535,4
5532,4
5526,4
5524,4
1255,4
1250,4
8506,4
8504,4
6236,4
6640,4
6588,4
6578,4
6576,4
6572,4
6568,4
9666,4
287,4
9640,4
5143,4
1293,4
1309,4
1303,4
2759,4
2758,4
2755,4
5114,4
9669,4
6550,4
6544,4
8253,4
8245,4
1598,4
1597,4
5518,4
2723,4
2741,4
2765,4
333,4
347,4
341,4
6600,4
6594,4
9712,4
3910,4
2725,4
8478,4
8475,4
8471,4
1324,4
2379,4
1575,4
303,4
3953,4
3908,4
3907,4
9680,4
3930,4
3925,4
1957,4
1894,4
5198,4
5196,4
2683,4
5167,4
5166,4
2701,4
2667,4
6534,4
6531,4
6287,4
6286,4
6279,4
253,4
9716,4
1566,4
5497,4
5490,4
2662,4
2661,4
5178,4
5177,4
5173,4
2652,4
3892,4
3889,4
3675,4
3672,4
3665,4
9742,4
1960,4
2631,4
2629,4
2607,4
2670,4
2668,4
8462,4
1351,4
1347,4
1374,4
1372,4
1370,4
1369,4
1531,4
1530,4
1529,4
8271,4
6292,4
199,4
3868,4
3861,4
9756,4
9755,4
9748,4
222,4
221,4
8440,4
2587,4
2585,4
5247,4
5206,4
5205,4
2637,4
3846,4
9770,4
9765,4
6500,4
5240,4
5235,4
5234,4
8436,4
5457,4
2397,4
2396,4
2619,4
2615,4
1388,4
1382,4
6298,4
3701,4
3698,4
9782,4
3685,4
2557,4
2555,4
5289,4
2414,4
2413,4
1507,4
5470,4
6520,4
6513,4
6508,4
6315,4
3848,4
6466,4
6346,4
9805,4
5439,4
5430,4
5454,4
5453,4
5447,4
5444,4
5263,4
6492,4
6490,4
6487,4
6484,4
6483,4
6475,4
9812,4
9809,4
3830,4
3829,4
8307,4
8306,4
8291,4
1514,4
2429,4
5274,4
2534,4
2533,4
3682,4
3680,4
6330,4
6324,4
2518,4
8402,4
1398,4
1395,4
1421,4
1419,4
1418,4
5420,4
2462,4
2455,4
8309,4
9801,4
9840,4
9833,4
9824,4
143,4
110,4
3804,4
3803,4
9849,4
6341,4
6340,4
6449,4
8382,4
8378,4
5333,4
5315,4
5309,4
5300,4
2526,4
2522,4
2519,4
1934,4
1931,4
3761,4
3760,4
9873,4
71,4
94,4
3794,4
1445,4
2503,4
2470,4
2469,4
8317,4
5421,4
9866,4
9865,4
9990,4
5397,4
5388,4
5386,4
5345,4
8351,4
2490,4
2489,4
3785,4
3778,4
3726,4
47,4
9900,4
9896,4
9895,4
63,4
9153,4
9924,4
31,4
3752,4
3748,4
6409,4
6405,4
6403,4
3731,4
3730,4
6422,4
6419,4
6369,4
1914,4
3716,4
9993,4
9953,3
9930,3
9929,3
9926,3
3756,3
3753,3
3750,3
3747,3
6415,3
6413,3
6411,3
6407,3
6392,3
6389,3
9905,3
9908,3
3779,3
3784,3
3762,3
1933,3
6438,3
6446,3
6345,3
3800,3
3801,3
3808,3
111,3
9814,3
9816,3
9817,3
1489,3
1493,3
2507,3
1443,3
1447,3
8361,3
5329,3
2471,3
2474,3
8333,3
8335,3
1477,3
1481,3
1485,3
1487,3
8348,3
5306,3
5308,3
5332,3
5335,3
5337,3
5338,3
1431,3
8375,3
8377,3
8380,3
5322,3
5324,3
5326,3
5327,3
8313,3
8315,3
2540,3
5271,3
5272,3
5276,3
5277,3
1519,3
5417,3
5419,3
1406,3
8406,3
8412,3
8415,3
2523,3
2543,3
5299,3
5301,3
1510,3
1512,3
2411,3
2415,3
5286,3
2589,3
2551,3
2559,3
5260,3
5262,3
8421,3
5445,3
5433,3
5437,3
5293,3
2531,3
5464,3
5465,3
5467,3
5468,3
8423,3
8427,3
8429,3
8433,3
8434,3
8435,3
8439,3
5237,3
5241,3
5245,3
8287,3
1506,3
2605,3
5225,3
5212,3
8442,3
8444,3
1383,3
1390,3
2623,3
1532,3
5476,3
5477,3
5480,3
5481,3
2391,3
5462,3
5463,3
2686,3
1339,3
5199,3
5179,3
2659,3
2383,3
5491,3
5500,3
5503,3
1583,3
2614,3
1365,3
1373,3
1358,3
2671,3
2603,3
1271,3
2711,3
2716,3
2767,3
5133,3
5135,3
5519,3
1579,3
1582,3
1325,3
2727,3
2728,3
2732,3
2718,3
5161,3
2685,3
1595,3
5092,3
1243,3
5074,3
1278,3
8493,3
8501,3
1258,3
2366,3
2367,3
2347,3
2350,3
5507,3
5109,3
5117,3
1311,3
8562,3
5052,3
2773,3
5078,3
5081,3
5082,3
5089,3
1245,3
1246,3
1247,3
8540,3
8541,3
8542,3
8239,3
1589,3
1591,3
1175,3
5015,3
2780,3
8567,3
8568,3
1211,3
5045,3
1625,3
1626,3
5569,3
5577,3
5546,3
5558,3
5059,3
5065,3
1230,3
5016,3
5024,3
5030,3
2795,3
2798,3
4996,3
5582,3
1637,3
1641,3
1623,3
5047,3
1212,3
1214,3
1195,3
8583,3
8585,3
8144,3
8155,3
1691,3
8626,3
8627,3
4984,3
4987,3
8637,3
1694,3
5585,3
5592,3
1678,3
1653,3
1656,3
1183,3
8618,3
8651,3
8655,3
8658,3
4931,3
4964,3
4968,3
4972,3
2811,3
1150,3
8068,3
8072,3
8073,3
5604,3
5612,3
5617,3
8100,3
5621,3
2806,3
8659,3
1131,3
2839,3
2847,3
5625,3
5630,3
5631,3
2261,3
2266,3
7986,3
8006,3
8024,3
8642,3
8643,3
4887,3
4894,3
4917,3
4919,3
4920,3
4922,3
4926,3
8677,3
8678,3
7939,3
2270,3
5638,3
5646,3
7952,3
7956,3
7964,3
4861,3
2854,3
1113,3
1079,3
2910,3
2230,3
7838,3
7856,3
7876,3
7938,3
4903,3
4905,3
2894,3
2895,3
2867,3
4885,3
1006,3
4862,3
2899,3
2906,3
8743,3
8747,3
1002,3
5671,3
7814,3
7817,3
7819,3
7827,3
7828,3
5654,3
1016,3
1019,3
2924,3
987,3
988,3
8782,3
4812,3
4814,3
5686,3
5687,3
7765,3
7770,3
7776,3
7786,3
7810,3
2237,3
4838,3
4844,3
8812,3
2941,3
4821,3
4826,3
4827,3
4828,3
8796,3
8797,3
967,3
973,3
974,3
5699,3
7740,3
2915,3
2917,3
2921,3
7689,3
5721,3
5724,3
4759,3
4766,3
2990,3
2963,3
2975,3
7702,3
7710,3
7714,3
7715,3
7720,3
2203,3
4758,3
8809,3
7648,3
7649,3
7650,3
953,3
956,3
958,3
8839,3
8843,3
4731,3
4732,3
4734,3
5733,3
5737,3
1703,3
1709,3
1710,3
8861,3
939,3
4702,3
3001,3
2982,3
2988,3
3002,3
4718,3
4719,3
4723,3
5749,3
5756,3
7621,3
7623,3
7625,3
7636,3
8867,3
8875,3
8880,3
8882,3
8883,3
8887,3
921,3
2166,3
2167,3
2169,3
2171,3
2173,3
7562,3
7569,3
7586,3
8858,3
7512,3
7513,3
7520,3
7525,3
922,3
3015,3
3018,3
926,3
8907,3
907,3
7536,3
5786,3
5788,3
7542,3
7544,3
5769,3
3069,3
4666,3
3027,3
3033,3
3034,3
3049,3
3050,3
3052,3
4647,3
4654,3
5797,3
7494,3
7496,3
7504,3
7505,3
7509,3
3044,3
890,3
3103,3
3057,3
3062,3
3063,3
1726,3
7459,3
7465,3
7472,3
7477,3
2155,3
4665,3
8932,3
8935,3
8944,3
5832,3
4605,3
3095,3
3097,3
893,3
895,3
5838,3
5840,3
5842,3
7429,3
7430,3
7435,3
7439,3
7443,3
7446,3
3041,3
4564,3
4565,3
4566,3
8970,3
8974,3
872,3
4584,3
3123,3
7376,3
7377,3
7378,3
7384,3
5854,3
7394,3
7416,3
5827,3
7341,3
7343,3
7347,3
7348,3
7349,3
2135,3
7358,3
1739,3
1741,3
7364,3
7367,3
7368,3
7370,3
879,3
8990,3
855,3
4531,3
4539,3
3155,3
3158,3
4574,3
4582,3
8997,3
9001,3
9003,3
9004,3
9018,3
823,3
2142,3
5880,3
5884,3
7339,3
813,3
9048,3
9050,3
9052,3
3183,3
2102,3
2103,3
2105,3
7302,3
7305,3
7308,3
7317,3
7333,3
4547,3
4558,3
4562,3
1745,3
1747,3
1754,3
4515,3
4522,3
4523,3
9060,3
9066,3
9068,3
9073,3
5912,3
5893,3
5895,3
5899,3
9036,3
9038,3
4509,3
4511,3
3171,3
3207,3
3214,3
4487,3
4493,3
4494,3
7257,3
7258,3
7266,3
7267,3
7269,3
7272,3
7273,3
7289,3
5938,3
5940,3
5944,3
3190,3
9097,3
9098,3
4476,3
4478,3
7249,3
7250,3
7252,3
5920,3
5932,3
5934,3
4501,3
4503,3
4462,3
4439,3
3228,3
3229,3
783,3
9108,3
9113,3
3245,3
7222,3
7223,3
7225,3
7227,3
7230,3
7235,3
7238,3
7239,3
3270,3
3239,3
3243,3
9144,3
9145,3
9147,3
766,3
9166,3
4423,3
5977,3
5986,3
7206,3
7210,3
5954,3
5960,3
4459,3
9231,3
3298,3
3302,3
3274,3
3283,3
3294,3
7193,3
1764,3
5971,3
5976,3
3251,3
9170,3
9176,3
9186,3
9192,3
9208,3
9247,3
3386,3
3390,3
4382,3
3341,3
3343,3
3317,3
3319,3
3324,3
3327,3
7112,3
6007,3
6008,3
6021,3
743,3
749,3
7008,3
7016,3
709,3
716,3
718,3
9251,3
9258,3
7051,3
7053,3
7061,3
7064,3
7072,3
7076,3
7104,3
725,3
9239,3
3435,3
3437,3
4325,3
4327,3
4332,3
4334,3
4314,3
4315,3
4317,3
6961,3
6972,3
6040,3
6046,3
6056,3
6985,3
7000,3
686,3
4259,3
3413,3
4277,3
4281,3
4282,3
3427,3
6062,3
1805,3
1806,3
6950,3
6952,3
6954,3
6960,3
697,3
3434,3
669,3
9306,3
627,3
3499,3
3452,3
3487,3
4247,3
4254,3
1822,3
6082,3
6088,3
1823,3
6919,3
6057,3
3431,3
679,3
6820,3
6821,3
6824,3
3479,3
3481,3
4222,3
3492,3
6827,3
6838,3
6850,3
6104,3
6880,3
6881,3
6882,3
6888,3
1811,3
3510,3
3531,3
4183,3
4191,3
3493,3
9315,3
9318,3
9321,3
9323,3
9324,3
9326,3
9327,3
9329,3
6802,3
6805,3
6806,3
543,3
9361,3
9363,3
9367,3
9370,3
1831,3
6132,3
1837,3
6791,3
6792,3
623,3
604,3
9355,3
3544,3
3547,3
9343,3
9371,3
4159,3
3541,3
3542,3
3552,3
3563,3
2037,3
2038,3
6743,3
6748,3
6757,3
6763,3
6772,3
6774,3
3524,3
3525,3
3625,3
3629,3
3630,3
9378,3
9387,3
9388,3
3591,3
3597,3
3599,3
2020,3
2022,3
2024,3
2025,3
6727,3
6731,3
6740,3
3638,3
3642,3
3609,3
9413,3
9418,3
9424,3
9433,3
9436,3
2002,3
6705,3
6707,3
6712,3
6715,3
6716,3
2017,3
3581,3
9495,3
3644,3
9465,3
9468,3
491,3
492,3
4065,3
9477,3
1845,3
1847,3
6167,3
6171,3
2000,3
4083,3
9449,3
3637,3
9501,3
4041,3
4048,3
425,3
430,3
9507,3
9511,3
4030,3
4033,3
6205,3
1871,3
6179,3
9483,3
9486,3
455,3
9493,3
9541,3
9543,3
9549,3
9554,3
9558,3
6230,3
6670,3
6671,3
4040,3
9521,3
9528,3
9533,3
413,3
4018,3
4020,3
414,3
3978,3
3980,3
3985,3
9566,3
4006,3
9576,3
9579,3
9584,3
9592,3
9594,3
3971,3
6237,3
1974,3
1878,3
1882,3
1885,3
6586,3
6608,3
351,3
9603,3
9613,3
9624,3
9628,3
1981,3
6247,3
6249,3
6628,3
6630,3
6632,3
6636,3
3975,3
3976,3
9684,3
9690,3
3678,3
3679,3
3945,3
3949,3
9636,3
9645,3
9648,3
9651,3
6268,3
6270,3
1953,3
1954,3
6577,3
6579,3
9698,3
9700,3
229,3
230,3
236,3
9731,3
6285,3
6545,3
6556,3
6563,3
6566,3
6260,3
9674,3
3923,3
3937,3
9681,3
9747,3
9753,3
9757,3
3867,3
3869,3
1890,3
1902,3
1958,3
1966,3
9733,3
3669,3
3879,3
3882,3
3911,3
3913,3
3919,3
9761,3
9766,3
9768,3
9769,3
9772,3
9773,3
9774,3
3853,3
6311,3
6318,3
6319,3
1942,3
1946,3
6517,3
6518,3
3897,3
3681,3
3689,3
9781,3
3838,3
3703,3
6332,3
6469,3
6473,3
6482,3
6497,3
6498,3
6504,3
6505,3
207,3
189,3
191,3
9820,3
9827,3
3705,3
3707,3
3709,3
9804,3
157,3
3816,3
3818,3
3827,3
6351,3
6353,3
6451,3
1951,3
6326,3
6329,3
9975,3
3723,3
9989,3
3719,3
3733,3
6370,3
6374,3
6420,3
6428,3
1925,3
1930,3
3768,3
3777,3
9889,3
9892,3
9898,3
8349,3
1465,3
1466,3
5347,3
5349,3
5351,3
5354,3
5395,3
5398,3
2510,3
5363,3
5367,3
5372,3
2487,3
9944,3
9972,3
9995,2
9952,2
9956,2
9958,2
6385,2
6386,2
6390,2
9925,2
9928,2
9931,2
9932,2
9933,2
9934,2
9939,2
9940,2
3749,2
3755,2
9890,2
9891,2
9893,2
9897,2
3795,2
1911,2
1912,2
6375,2
6380,2
6382,2
9875,2
9885,2
3765,2
3767,2
127,2
9861,2
9867,2
9870,2
3782,2
3783,2
3786,2
3787,2
3788,2
9848,2
6384,2
6423,2
6429,2
6431,2
6363,2
1909,2
9852,2
9853,2
3797,2
3798,2
6365,2
1927,2
6434,2
6439,2
6441,2
6445,2
9835,2
9838,2
9842,2
9844,2
3820,2
3822,2
3831,2
9811,2
9822,2
3697,2
6453,2
6454,2
6456,2
6457,2
6459,2
6461,2
6462,2
6467,2
6321,2
6364,2
3699,2
3706,2
9799,2
3855,2
3683,2
3687,2
174,2
175,2
9780,2
9790,2
6325,2
6327,2
6334,2
6335,2
6470,2
6471,2
6478,2
6481,2
6350,2
3859,2
3866,2
3871,2
3875,2
3851,2
3854,2
6503,2
6313,2
6314,2
6317,2
1947,2
3878,2
3885,2
3886,2
3891,2
3894,2
223,2
9750,2
9754,2
9759,2
6510,2
6512,2
6295,2
6300,2
6301,2
6302,2
239,2
9735,2
9743,2
3900,2
3902,2
3670,2
3674,2
9713,2
6305,2
6522,2
6524,2
6526,2
1893,2
1895,2
1901,2
1962,2
1948,2
9714,2
231,2
235,2
3917,2
3918,2
9699,2
9708,2
9709,2
3939,2
6537,2
6539,2
6542,2
6549,2
9686,2
9688,2
9695,2
3909,2
3914,2
9675,2
9676,2
9677,2
9679,2
3927,2
3938,2
9652,2
6555,2
6561,2
6562,2
6564,2
6261,2
6263,2
6265,2
9653,2
9655,2
9658,2
9660,2
9665,2
3951,2
3957,2
9635,2
9638,2
9642,2
9620,2
6570,2
6582,2
6554,2
9622,2
9625,2
9629,2
9630,2
3940,2
3948,2
3989,2
3964,2
9607,2
9612,2
319,2
9618,2
9588,2
6590,2
6595,2
6602,2
6603,2
6267,2
3663,2
3974,2
3987,2
4000,2
4005,2
9573,2
9574,2
9577,2
9585,2
6610,2
6612,2
6615,2
6250,2
6252,2
6253,2
9561,2
9562,2
3997,2
3998,2
3999,2
4008,2
4010,2
4021,2
4022,2
9536,2
9547,2
9555,2
9557,2
6620,2
6626,2
6633,2
4035,2
4036,2
4037,2
9523,2
9529,2
9532,2
9535,2
431,2
9509,2
4023,2
4027,2
463,2
6643,2
6649,2
1969,2
1971,2
6257,2
9497,2
9503,2
446,2
4042,2
4043,2
4045,2
4052,2
1977,2
1875,2
1879,2
1886,2
1997,2
4062,2
495,2
475,2
3643,2
3645,2
3621,2
9451,2
9454,2
9440,2
9443,2
9446,2
3647,2
4087,2
4091,2
4092,2
6218,2
6219,2
6223,2
6227,2
6231,2
1863,2
1866,2
1869,2
6199,2
6203,2
6204,2
6206,2
6207,2
1993,2
1994,2
6673,2
6679,2
6682,2
6685,2
2008,2
3613,2
3614,2
3615,2
9420,2
9422,2
9431,2
9432,2
3580,2
9395,2
9397,2
9398,2
9402,2
3631,2
2013,2
6188,2
6699,2
1851,2
1853,2
2028,2
4143,2
3555,2
3557,2
3561,2
3562,2
9380,2
9381,2
9383,2
9389,2
9391,2
3550,2
6174,2
2006,2
1855,2
6710,2
6714,2
6717,2
2047,2
6159,2
2010,2
575,2
9369,2
9372,2
9375,2
4151,2
4155,2
3536,2
3539,2
4206,2
2021,2
2026,2
6723,2
6738,2
6741,2
6140,2
3529,2
3532,2
4190,2
589,2
3545,2
2042,2
6744,2
6755,2
9335,2
9342,2
3514,2
3516,2
3518,2
3519,2
4213,2
4215,2
4221,2
4223,2
3491,2
9322,2
9332,2
9333,2
6761,2
6765,2
6770,2
6771,2
6779,2
6780,2
4249,2
4251,2
3466,2
9301,2
9303,2
9307,2
9310,2
3500,2
6123,2
6131,2
6137,2
3415,2
4285,2
4286,2
3429,2
703,2
4267,2
3421,2
4310,2
4313,2
4318,2
4319,2
3397,2
9277,2
693,2
695,2
3438,2
6790,2
6795,2
6113,2
6115,2
3374,2
4351,2
715,2
9261,2
9263,2
4330,2
4333,2
4335,2
6117,2
6807,2
6814,2
6819,2
6823,2
3358,2
3359,2
730,2
734,2
735,2
9246,2
3387,2
3389,2
3285,2
3287,2
3291,2
3293,2
737,2
742,2
747,2
748,2
9227,2
3303,2
6826,2
6834,2
6844,2
6116,2
9210,2
3271,2
9198,2
9200,2
6851,2
6090,2
6093,2
6097,2
6098,2
3262,2
9168,2
9177,2
9182,2
767,2
9156,2
9167,2
4431,2
3249,2
3256,2
3259,2
6852,2
6853,2
6854,2
6857,2
6860,2
6861,2
6864,2
6867,2
6868,2
6869,2
4435,2
4443,2
4446,2
4447,2
9140,2
9142,2
9149,2
6874,2
6887,2
4461,2
9125,2
9129,2
9130,2
9133,2
3225,2
3227,2
9112,2
9115,2
3247,2
3193,2
4477,2
9075,2
6894,2
6896,2
6899,2
6901,2
9080,2
9085,2
3195,2
3197,2
3199,2
4517,2
4519,2
9057,2
9063,2
9064,2
9042,2
9043,2
9054,2
3180,2
4559,2
1821,2
6073,2
6075,2
6077,2
6080,2
6081,2
6084,2
4533,2
4535,2
4542,2
3153,2
3157,2
3159,2
9030,2
9035,2
9039,2
9009,2
6923,2
6925,2
6058,2
6061,2
9010,2
9011,2
9013,2
9017,2
9022,2
3165,2
3166,2
3167,2
4551,2
4555,2
6940,2
6945,2
4570,2
863,2
8995,2
8999,2
847,2
4588,2
4590,2
3126,2
878,2
4563,2
3102,2
3087,2
4623,2
3114,2
4599,2
4603,2
875,2
6951,2
6953,2
6956,2
6959,2
6962,2
6966,2
3045,2
8949,2
8950,2
8955,2
885,2
887,2
891,2
6041,2
6042,2
6044,2
6045,2
6047,2
6050,2
6052,2
3055,2
8933,2
8937,2
8946,2
8948,2
8920,2
8922,2
8923,2
8925,2
8930,2
4669,2
3030,2
3031,2
3032,2
6981,2
6982,2
6991,2
6993,2
6996,2
3019,2
3021,2
923,2
8902,2
8903,2
8905,2
8906,2
8910,2
899,2
8915,2
8918,2
6999,2
7009,2
8890,2
4679,2
3010,2
3013,2
4695,2
2995,2
2997,2
3000,2
943,2
8877,2
8881,2
8884,2
7018,2
7029,2
2989,2
3005,2
3007,2
4711,2
8863,2
4765,2
2935,2
2991,2
2971,2
4751,2
951,2
8842,2
8846,2
4733,2
6030,2
7017,2
8823,2
8824,2
8825,2
8826,2
8828,2
2955,2
2959,2
975,2
8805,2
8810,2
8813,2
8814,2
2942,2
4822,2
6036,2
7047,2
7057,2
7060,2
4823,2
4825,2
8791,2
8793,2
8795,2
8798,2
4793,2
4798,2
4799,2
7066,2
7073,2
7078,2
7079,2
2922,2
982,2
990,2
991,2
8771,2
8781,2
4810,2
4815,2
4846,2
8753,2
8759,2
8761,2
8763,2
4830,2
2918,2
2904,2
7084,2
7086,2
7088,2
8749,2
997,2
998,2
4833,2
4839,2
4841,2
2887,2
2891,2
1018,2
1021,2
1022,2
8734,2
8735,2
4855,2
4859,2
2871,2
7105,2
7106,2
7110,2
7113,2
2878,2
4893,2
1115,2
1103,2
1086,2
8719,2
2907,2
2908,2
2909,2
2911,2
7118,2
4911,2
8689,2
8690,2
8693,2
8694,2
8700,2
8681,2
8682,2
8686,2
8688,2
2860,2
4907,2
7138,2
7146,2
7148,2
2810,2
8661,2
8669,2
8671,2
4923,2
4979,2
2813,2
4953,2
4957,2
8653,2
2831,2
2793,2
7156,2
6019,2
8635,2
1142,2
1149,2
4963,2
4975,2
8625,2
8628,2
8629,2
8630,2
4990,2
2785,2
2790,2
7157,2
7173,2
5027,2
2797,2
8595,2
8601,2
8605,2
8614,2
8615,2
8617,2
5042,2
5046,2
1191,2
1199,2
5018,2
5019,2
5050,2
5988,2
5992,2
5994,2
2777,2
2779,2
8569,2
8570,2
8575,2
1203,2
5071,2
1231,2
8551,2
8553,2
8554,2
8555,2
8561,2
5085,2
1768,2
1769,2
5975,2
5978,2
7179,2
8531,2
8535,2
2781,2
5061,2
5062,2
5063,2
5101,2
5103,2
1261,2
1262,2
8526,2
8527,2
8502,2
5980,2
7207,2
7209,2
7214,2
5955,2
5957,2
5999,2
8503,2
8507,2
8508,2
8510,2
8511,2
1251,2
1259,2
5091,2
5094,2
5097,2
5961,2
5963,2
5965,2
5970,2
7221,2
7226,2
7229,2
5942,2
2734,2
2763,2
2743,2
2746,2
5116,2
5946,2
5949,2
5951,2
7240,2
7242,2
7245,2
7247,2
7254,2
2687,2
5175,2
5181,2
5182,2
2663,2
2665,2
2719,2
1343,2
1327,2
2730,2
5230,2
5924,2
5925,2
7259,2
7262,2
7271,2
5943,2
5231,2
2655,2
2639,2
5207,2
1371,2
2647,2
7277,2
7281,2
7283,2
7287,2
2079,2
5242,2
2583,2
8441,2
1381,2
5227,2
5275,2
5279,2
5285,2
2591,2
2575,2
5259,2
8425,2
8428,2
8437,2
2111,2
5907,2
5910,2
5913,2
5914,2
7274,2
1407,2
8414,2
5294,2
2530,2
2539,2
2517,2
5918,2
1757,2
1759,2
7303,2
7307,2
7314,2
2525,2
5302,2
5303,2
8391,2
8395,2
8398,2
1399,2
1404,2
5340,2
7325,2
7326,2
7332,2
5875,2
5882,2
5917,2
8371,2
8373,2
8379,2
5321,2
5350,2
5357,2
5359,2
8366,2
5330,2
5334,2
5391,2
7340,2
7342,2
7344,2
5862,2
5865,2
7319,2
2509,2
5370,2
5373,2
5375,2
1459,2
1461,2
1462,2
1463,2
1468,2
5403,2
5870,2
7356,2
1733,2
1735,2
1738,2
1742,2
2478,2
1500,2
1502,2
1479,2
2491,2
2493,2
2479,2
2461,2
2463,2
5414,2
5415,2
5418,2
5423,2
8311,2
8316,2
8318,2
8319,2
1491,2
1496,2
1497,2
5446,2
7373,2
7374,2
7381,2
5455,2
5431,2
5435,2
5438,2
2430,2
1515,2
1516,2
1517,2
8295,2
8302,2
8303,2
2395,2
5844,2
5847,2
5851,2
7361,2
5460,2
5461,2
5466,2
5469,2
5474,2
1535,2
1509,2
5501,2
7395,2
7397,2
7398,2
7401,2
7405,2
7388,2
5502,2
1567,2
1526,2
1527,2
5482,2
5533,2
7413,2
5829,2
5833,2
5858,2
5534,2
5539,2
2365,2
2351,2
1596,2
1599,2
8249,2
2399,2
5495,2
5837,2
7434,2
7437,2
7449,2
7452,2
1629,2
2285,2
1646,2
5560,2
5564,2
5565,2
5602,2
1695,2
1671,2
1661,2
5578,2
2279,2
2282,2
2283,2
2284,2
1713,2
5809,2
5813,2
5814,2
5818,2
1682,2
5589,2
5590,2
5595,2
5597,2
8172,2
8176,2
8182,2
7462,2
7469,2
7474,2
8162,2
8148,2
8150,2
8129,2
8130,2
8113,2
8116,2
8099,2
8104,2
5603,2
5608,2
8067,2
8069,2
8070,2
8074,2
8076,2
8048,2
7476,2
7478,2
7481,2
7482,2
2159,2
5795,2
8056,2
8033,2
8042,2
8016,2
8017,2
7993,2
5804,2
5807,2
7497,2
7507,2
7508,2
2263,2
2265,2
7978,2
7988,2
7992,2
7966,2
7973,2
7975,2
5623,2
5651,2
7518,2
7521,2
7527,2
5801,2
7948,2
7951,2
7954,2
7955,2
7961,2
7941,2
7942,2
7944,2
2267,2
2269,2
2271,2
2243,2
2254,2
7533,2
7535,2
2175,2
5782,2
5785,2
7510,2
7905,2
7915,2
7884,2
7887,2
7888,2
7877,2
7879,2
7858,2
2231,2
7540,2
7554,2
7555,2
5773,2
5774,2
7832,2
7833,2
7840,2
7843,2
7845,2
7846,2
5678,2
5679,2
7813,2
7818,2
7825,2
5661,2
5663,2
2163,2
7556,2
7564,2
7566,2
7568,2
7574,2
7809,2
2239,2
2221,2
5674,2
7788,2
7793,2
7796,2
5693,2
7577,2
7578,2
7581,2
7582,2
7588,2
7592,2
7764,2
7748,2
7750,2
7753,2
5682,2
5683,2
5689,2
5692,2
5711,2
7734,2
7595,2
7602,2
7603,2
7604,2
7608,2
7716,2
7725,2
7727,2
7729,2
2207,2
5703,2
5709,2
5719,2
5725,2
5727,2
7697,2
7699,2
7701,2
7707,2
7708,2
7619,2
5748,2
5751,2
5757,2
7593,2
1711,2
7687,2
7690,2
7694,2
5713,2
7676,2
5734,2
5739,2
7622,2
7624,2
7626,2
7630,2
7658,2
7664,2
7652,2
9976,2
3743,2
9946,2
3735,2
3738,2
9987,2
9967,1
3742,1
6388,1
6394,1
6395,1
6396,1
6397,1
9923,1
9927,1
9935,1
7651,1
5759,1
9996,1
9997,1
9999,1
9969,1
9941,1
9912,1
3745,1
3751,1
3757,1
7665,1
7666,1
7668,1
7669,1
7637,1
7638,1
7641,1
7644,1
3773,1
3774,1
3775,1
9894,1
9906,1
9909,1
1915,1
1935,1
5767,1
7620,1
7628,1
7633,1
7634,1
7657,1
7659,1
6371,1
6377,1
6378,1
6379,1
6381,1
9982,1
9876,1
9879,1
9881,1
9883,1
9884,1
9886,1
9887,1
5715,1
7672,1
7675,1
7678,1
1702,1
5731,1
5736,1
5741,1
7656,1
5763,1
7615,1
7618,1
5747,1
5755,1
5758,1
5743,1
5745,1
1707,1
7681,1
7685,1
7691,1
7692,1
5714,1
3769,1
9863,1
9871,1
3781,1
1918,1
6421,1
6424,1
6427,1
6430,1
7723,1
5707,1
5722,1
7704,1
7705,1
7709,1
5742,1
7611,1
7613,1
6359,1
6360,1
6362,1
3799,1
3802,1
3805,1
3806,1
3810,1
3811,1
6366,1
7596,1
7597,1
7598,1
7601,1
7605,1
7575,1
7717,1
7722,1
5710,1
7730,1
7733,1
7736,1
7738,1
7747,1
7713,1
1926,1
6437,1
6342,1
6343,1
9831,1
9837,1
9839,1
9843,1
3819,1
3821,1
3833,1
9818,1
9823,1
6355,1
7772,1
7773,1
7774,1
7777,1
7778,1
7779,1
7781,1
7749,1
7751,1
7752,1
7755,1
7576,1
7579,1
7585,1
7589,1
7590,1
5775,1
5695,1
7767,1
7768,1
7771,1
6450,1
6455,1
6463,1
3702,1
3710,1
9794,1
9795,1
9802,1
9803,1
9807,1
3814,1
3815,1
7811,1
2238,1
7783,1
7785,1
7790,1
7792,1
3817,1
9783,1
9785,1
9791,1
3691,1
6328,1
6331,1
6333,1
6477,1
6479,1
7565,1
7570,1
7573,1
2154,1
7800,1
7803,1
6485,1
6486,1
3863,1
3870,1
9767,1
9771,1
9775,1
6491,1
6495,1
7844,1
7848,1
7815,1
7820,1
7821,1
7822,1
7823,1
7829,1
7830,1
7557,1
7558,1
7541,1
7543,1
7546,1
7549,1
5770,1
7834,1
7835,1
7836,1
6499,1
6501,1
6502,1
6316,1
1939,1
6323,1
3887,1
3895,1
9758,1
3690,1
238,1
1949,1
6506,1
7883,1
7849,1
7850,1
7851,1
7855,1
7857,1
7861,1
7862,1
7863,1
7864,1
7865,1
7897,1
7899,1
7866,1
7870,1
7873,1
7874,1
7875,1
7878,1
7881,1
6507,1
6511,1
6514,1
6515,1
6519,1
6489,1
9734,1
3898,1
3899,1
3903,1
3667,1
3671,1
7912,1
7913,1
7916,1
7889,1
7894,1
6309,1
6527,1
1899,1
1900,1
1959,1
9719,1
9720,1
9722,1
7928,1
7932,1
7904,1
7908,1
3915,1
9701,1
9703,1
9704,1
9705,1
1964,1
6283,1
6535,1
6543,1
6553,1
6303,1
9685,1
9687,1
9689,1
7534,1
7537,1
7538,1
2174,1
5781,1
5789,1
7920,1
7921,1
9694,1
3677,1
9678,1
3924,1
3926,1
3932,1
3935,1
6557,1
7950,1
7953,1
7957,1
7958,1
7962,1
7940,1
2247,1
2251,1
7532,1
6565,1
6567,1
6258,1
6259,1
6262,1
9656,1
9657,1
9662,1
9667,1
9670,1
7511,1
7516,1
7517,1
7519,1
7524,1
7529,1
7530,1
5653,1
7946,1
7947,1
7949,1
7987,1
7989,1
7969,1
7971,1
7974,1
5620,1
9671,1
3950,1
3955,1
3959,1
9639,1
9641,1
9644,1
9647,1
9649,1
9650,1
6269,1
6569,1
8001,1
8004,1
8009,1
8010,1
7985,1
6573,1
6580,1
6581,1
6583,1
6584,1
6585,1
9623,1
9626,1
9627,1
3941,1
3942,1
7499,1
7501,1
7475,1
3946,1
3947,1
3961,1
3963,1
3965,1
3966,1
3967,1
3655,1
3659,1
3662,1
9611,1
6593,1
6597,1
5802,1
6598,1
6599,1
6601,1
6604,1
6605,1
6606,1
6607,1
9595,1
3981,1
3982,1
4001,1
4003,1
9571,1
9581,1
9582,1
9583,1
9586,1
9587,1
9559,1
6611,1
6613,1
8034,1
8035,1
8036,1
8038,1
8039,1
8041,1
8043,1
8044,1
7486,1
7487,1
5793,1
5799,1
5820,1
8054,1
8058,1
6614,1
6616,1
6617,1
1982,1
6254,1
9564,1
9567,1
3990,1
3991,1
3992,1
3994,1
8065,1
8071,1
8079,1
8080,1
8084,1
7484,1
7485,1
3995,1
3996,1
4014,1
4015,1
4019,1
9546,1
4029,1
8088,1
5605,1
5607,1
5610,1
5611,1
5613,1
6634,1
6638,1
6609,1
4038,1
9525,1
9527,1
9531,1
8120,1
5619,1
8093,1
8096,1
8098,1
8101,1
8102,1
4056,1
447,1
9513,1
9516,1
9518,1
4025,1
4028,1
6644,1
6645,1
8136,1
8107,1
8108,1
8109,1
8112,1
8114,1
8117,1
6648,1
6235,1
4044,1
4046,1
4047,1
4050,1
4053,1
1979,1
6655,1
1877,1
6639,1
4066,1
4067,1
4068,1
8146,1
8149,1
8154,1
8124,1
8125,1
8128,1
8131,1
4069,1
4070,1
4071,1
4072,1
9487,1
474,1
476,1
4078,1
9466,1
8161,1
8164,1
8143,1
487,1
489,1
4095,1
9452,1
9453,1
9459,1
9438,1
4086,1
4090,1
4093,1
3607,1
1887,1
1870,1
1975,1
1991,1
5822,1
5825,1
1727,1
7463,1
7466,1
7467,1
7471,1
7473,1
7453,1
5599,1
8177,1
8178,1
8185,1
8156,1
1992,1
6691,1
2009,1
1999,1
9427,1
9429,1
9430,1
9434,1
3575,1
9394,1
9403,1
9406,1
3623,1
3543,1
2011,1
2012,1
2014,1
1722,1
1723,1
5810,1
5811,1
5817,1
5819,1
1689,1
5591,1
5593,1
5594,1
5598,1
5567,1
5574,1
5601,1
5579,1
5581,1
5583,1
7454,1
7455,1
1719,1
6701,1
6703,1
2029,1
1989,1
3582,1
3583,1
3558,1
6175,1
2004,1
6711,1
6713,1
6718,1
5555,1
1630,1
1631,1
5525,1
5527,1
5530,1
1663,1
1635,1
1643,1
1647,1
5559,1
5561,1
5563,1
5836,1
5839,1
5841,1
7436,1
7441,1
7447,1
7450,1
7411,1
5576,1
5543,1
5545,1
5547,1
3523,1
9373,1
3564,1
3566,1
3567,1
2023,1
2027,1
6732,1
6739,1
6141,1
7419,1
8251,1
8255,1
5493,1
5494,1
5499,1
5575,1
7409,1
7410,1
1551,1
1533,1
1534,1
5475,1
5479,1
5484,1
5485,1
5486,1
7412,1
6142,1
3507,1
9358,1
3546,1
9334,1
2039,1
2044,1
5857,1
5459,1
5471,1
1511,1
1513,1
2431,1
5859,1
7399,1
7402,1
7403,1
7404,1
7406,1
7407,1
6742,1
6745,1
6746,1
6747,1
6749,1
6750,1
6753,1
2019,1
9338,1
9339,1
5451,1
8301,1
8310,1
7389,1
7393,1
5845,1
5849,1
2495,1
5387,1
7363,1
7365,1
7371,1
7375,1
7386,1
3515,1
3517,1
4203,1
3502,1
636,1
9316,1
6762,1
6764,1
6768,1
6777,1
6778,1
3463,1
3467,1
671,1
3497,1
3439,1
6782,1
6783,1
7351,1
7354,1
7355,1
1743,1
5887,1
5407,1
2475,1
1501,1
1503,1
1483,1
2492,1
7337,1
7338,1
7345,1
5861,1
5863,1
5867,1
2511,1
5371,1
1486,1
8343,1
1469,1
1834,1
6122,1
6124,1
6126,1
6127,1
6129,1
6133,1
6759,1
4303,1
4287,1
683,1
9295,1
8374,1
8383,1
5323,1
5353,1
5356,1
1471,1
1451,1
2527,1
5331,1
7321,1
7322,1
5881,1
5342,1
1435,1
1439,1
4271,1
3383,1
3423,1
3403,1
9271,1
3391,1
1838,1
6797,1
6798,1
5901,1
7313,1
7315,1
7318,1
7292,1
5319,1
1423,1
6109,1
6110,1
6781,1
4343,1
9269,1
3406,1
3407,1
4323,1
4329,1
4331,1
6118,1
1752,1
1753,1
1755,1
5909,1
5915,1
8405,1
8407,1
8408,1
8411,1
8413,1
5291,1
5919,1
5222,1
5223,1
5229,1
2542,1
5287,1
8438,1
1405,1
1750,1
1751,1
6119,1
6811,1
6813,1
3357,1
723,1
726,1
727,1
7279,1
7280,1
7284,1
7286,1
7288,1
7290,1
5243,1
5246,1
8447,1
1389,1
9243,1
4414,1
751,1
3305,1
3307,1
6829,1
6837,1
6840,1
7261,1
7263,1
5211,1
5214,1
5215,1
1359,1
5191,1
5197,1
2651,1
7276,1
6841,1
6843,1
3275,1
3277,1
3278,1
7246,1
7255,1
5183,1
2717,1
2703,1
8479,1
5923,1
5933,1
5935,1
3279,1
9185,1
9187,1
9188,1
9189,1
9190,1
9191,1
9193,1
9194,1
9195,1
9197,1
9202,1
3260,1
5937,1
5979,1
2735,1
2766,1
2751,1
5115,1
5118,1
1279,1
2654,1
5947,1
7211,1
7213,1
7215,1
7218,1
5098,1
5099,1
2731,1
5962,1
5966,1
5967,1
6089,1
6092,1
6094,1
6099,1
6103,1
6825,1
9172,1
9174,1
5068,1
1263,1
1239,1
1242,1
5075,1
5079,1
5084,1
5982,1
1774,1
1775,1
9175,1
9178,1
9179,1
9180,1
9181,1
9183,1
9155,1
9157,1
9158,1
9161,1
9164,1
3255,1
3263,1
1766,1
1767,1
1770,1
1773,1
5086,1
5087,1
8538,1
8543,1
1229,1
2783,1
8571,1
5069,1
5070,1
8549,1
8565,1
6002,1
6003,1
7197,1
6863,1
6866,1
9139,1
9143,1
9148,1
765,1
6871,1
7191,1
7194,1
5989,1
5990,1
5993,1
5995,1
5998,1
6022,1
5051,1
5055,1
2775,1
6876,1
6885,1
6886,1
6890,1
9123,1
9126,1
1159,1
8619,1
5031,1
5033,1
1198,1
5014,1
5017,1
5021,1
7183,1
7187,1
9131,1
9132,1
9134,1
9135,1
9136,1
9138,1
9109,1
9114,1
9117,1
9119,1
7159,1
7162,1
7164,1
1782,1
1785,1
5029,1
2796,1
2799,1
4967,1
4970,1
8622,1
4983,1
4985,1
4988,1
4991,1
2786,1
2791,1
5023,1
4455,1
4507,1
3211,1
3215,1
3191,1
799,1
9091,1
9095,1
9101,1
9102,1
9103,1
6006,1
6009,1
6010,1
6011,1
6017,1
8634,1
8636,1
4965,1
6897,1
6900,1
6903,1
6904,1
6905,1
6906,1
6870,1
9077,1
9081,1
4918,1
4921,1
2815,1
4951,1
4954,1
4958,1
8647,1
8650,1
4941,1
7153,1
7154,1
7142,1
7145,1
7149,1
8664,1
8665,1
8666,1
8667,1
9082,1
9086,1
4499,1
4527,1
9058,1
9059,1
9061,1
9062,1
9065,1
8703,1
4927,1
8674,1
8684,1
8687,1
2861,1
2863,1
4943,1
7137,1
9074,1
815,1
9041,1
9045,1
9046,1
9047,1
9053,1
3181,1
3182,1
6908,1
6909,1
7126,1
7127,1
7132,1
4910,1
8697,1
8698,1
8701,1
8702,1
6911,1
6076,1
6078,1
6083,1
6891,1
4543,1
831,1
9031,1
9034,1
6915,1
6917,1
2877,1
2879,1
4891,1
4875,1
4909,1
7123,1
7124,1
7125,1
4879,1
1020,1
4858,1
7101,1
7107,1
7108,1
7109,1
7114,1
6924,1
6926,1
6927,1
6060,1
6067,1
6907,1
9014,1
9021,1
4569,1
7093,1
7096,1
7097,1
7062,1
8751,1
999,1
1003,1
2927,1
4843,1
1807,1
6930,1
6931,1
6934,1
6935,1
6937,1
6938,1
6939,1
6942,1
6085,1
4572,1
4575,1
4578,1
4581,1
8789,1
4845,1
4847,1
1005,1
1007,1
8758,1
8766,1
8767,1
7087,1
7089,1
7092,1
7067,1
7068,1
7070,1
7081,1
6033,1
2923,1
2926,1
861,1
862,1
9007,1
3127,1
3129,1
8988,1
8989,1
8991,1
7052,1
7054,1
7059,1
966,1
4792,1
4794,1
4795,1
2919,1
7065,1
4567,1
3086,1
3066,1
3134,1
4601,1
4607,1
8973,1
4583,1
3070,1
6949,1
6957,1
6963,1
4763,1
4803,1
4806,1
8807,1
8811,1
8815,1
8818,1
2943,1
4773,1
4779,1
6034,1
6035,1
6037,1
6039,1
7042,1
7043,1
6026,1
6027,1
6028,1
6029,1
8829,1
8831,1
6968,1
6969,1
6069,1
3043,1
8953,1
8958,1
8862,1
942,1
2951,1
957,1
959,1
8847,1
4782,1
7035,1
6974,1
6051,1
3047,1
3051,1
3053,1
3054,1
8939,1
8942,1
8943,1
7026,1
7030,1
2979,1
2983,1
4717,1
8947,1
8919,1
8924,1
4667,1
4671,1
3025,1
3017,1
6979,1
6983,1
6987,1
6988,1
4687,1
3011,1
4697,1
4701,1
8879,1
8885,1
7021,1
7022,1
6995,1
927,1
911,1
8917,1
7003,1
7005,1
7006,1
7011,1
7015,1
6055,1
8889,1
8891,1
8893,1
8894,1
919,1
3038,1
3039,1
3741,1
3717,1
3722,1
9954,1
9959,1
9961,1
9965,1
9978,1
9980,1
9981,1
9945,1
9948,1
9951,1
3734,1
3737,1
3739,1
3740,1
9971,0
9973,0
9942,0
9910,0
9911,0
9913,0
9914,0
9915,0
9916,0
9917,0
9918,0
9919,0
3727,0
7663,0
7667,0
7670,0
7020,0
7023,0
6994,0
6997,0
6970,0
8911,0
8886,0
7001,0
7002,0
7004,0
7007,0
7010,0
7012,0
7013,0
7014,0
8895,0
6998,0
3003,0
4726,0
8857,0
8859,0
8926,0
8927,0
6986,0
6989,0
6990,0
4703,0
2998,0
2999,0
8871,0
4735,0
7019,0
7036,0
7037,0
7038,0
6975,0
6043,0
6053,0
6054,0
6947,0
4655,0
8934,0
7024,0
7025,0
7027,0
7028,0
7031,0
7032,0
8830,0
6965,0
6967,0
3071,0
8951,0
8956,0
8957,0
8959,0
3035,0
6971,0
6973,0
3023,0
4767,0
2973,0
955,0
7034,0
8799,0
4790,0
7063,0
3135,0
8975,0
6955,0
6958,0
4781,0
7046,0
7039,0
6023,0
6031,0
4783,0
8819,0
8822,0
8827,0
2925,0
983,0
986,0
989,0
859,0
9005,0
9006,0
4586,0
4589,0
4591,0
8982,0
8987,0
7048,0
7050,0
7055,0
7033,0
2905,0
995,0
1001,0
4835,0
6941,0
6943,0
4829,0
4831,0
7085,0
7090,0
7091,0
7069,0
7071,0
7075,0
7077,0
7082,0
1023,0
4863,0
7100,0
7102,0
7103,0
7111,0
6059,0
6063,0
9015,0
9019,0
9023,0
6070,0
6071,0
7094,0
7095,0
7098,0
8699,0
6079,0
9027,0
9037,0
6086,0
6087,0
7115,0
7116,0
7083,0
2875,0
7119,0
7120,0
7121,0
7122,0
2893,0
1015,0
4899,0
7134,0
7135,0
7139,0
9049,0
9051,0
9055,0
4514,0
6910,0
7128,0
7129,0
7130,0
7131,0
7099,0
8695,0
8696,0
7147,0
7150,0
7117,0
8662,0
8663,0
8668,0
9083,0
9084,0
9087,0
9067,0
9069,0
9070,0
9071,0
8679,0
8683,0
8685,0
8639,0
6892,0
6893,0
6895,0
6898,0
6902,0
9076,0
9079,0
8670,0
4955,0
4959,0
1151,0
7152,0
7141,0
7143,0
7144,0
4974,0
8623,0
4989,0
7158,0
3246,0
4510,0
3231,0
795,0
9099,0
7155,0
6012,0
6013,0
6014,0
6015,0
7133,0
8638,0
9127,0
4479,0
9106,0
9107,0
9111,0
9118,0
7160,0
7161,0
7163,0
7165,0
7166,0
7167,0
1783,0
7151,0
4971,0
4973,0
6872,0
6873,0
6875,0
6877,0
6878,0
6879,0
6883,0
6889,0
6105,0
4463,0
8607,0
8621,0
5035,0
5037,0
5038,0
5039,0
8563,0
5049,0
6855,0
6859,0
6862,0
6846,0
9141,0
9146,0
9150,0
9151,0
4460,0
5987,0
5991,0
5997,0
5054,0
2771,0
5983,0
9159,0
9163,0
9165,0
7199,0
1771,0
1772,0
5974,0
2782,0
5067,0
8573,0
8574,0
1207,0
8557,0
8558,0
8559,0
5959,0
7228,0
7231,0
6847,0
6091,0
6095,0
6101,0
6102,0
3261,0
9171,0
9173,0
5100,0
5102,0
5077,0
5083,0
5981,0
1319,0
5929,0
5930,0
5931,0
9196,0
9199,0
9203,0
2747,0
2750,0
5111,0
5119,0
5948,0
5950,0
8509,0
5095,0
5096,0
5239,0
7275,0
6842,0
6845,0
9205,0
9206,0
9207,0
9209,0
9211,0
9212,0
9213,0
9214,0
9215,0
7251,0
7253,0
5958,0
7291,0
8443,0
8445,0
8446,0
3286,0
750,0
9204,0
6828,0
6830,0
6831,0
6835,0
6839,0
7260,0
7270,0
1391,0
1375,0
8430,0
8431,0
7293,0
7294,0
7295,0
6120,0
6121,0
6803,0
6812,0
6815,0
6822,0
6138,0
3310,0
3311,0
7278,0
7285,0
5305,0
5307,0
5310,0
5311,0
8399,0
6106,0
6107,0
6108,0
6111,0
3308,0
8419,0
5290,0
5295,0
2535,0
2541,0
5278,0
5883,0
5886,0
5341,0
5343,0
1438,0
3471,0
3443,0
3447,0
9275,0
9279,0
1839,0
6794,0
5903,0
7309,0
7310,0
7311,0
6125,0
6134,0
6135,0
3455,0
8381,0
5325,0
5355,0
5358,0
1454,0
5339,0
7335,0
7323,0
7324,0
7327,0
7331,0
5879,0
6773,0
6775,0
6143,0
9305,0
9309,0
9311,0
5871,0
7353,0
7357,0
7359,0
1499,0
7346,0
5860,0
5866,0
1467,0
5869,0
1495,0
7372,0
7379,0
7380,0
7382,0
7383,0
7385,0
7387,0
3501,0
3503,0
9317,0
9319,0
9331,0
3451,0
6766,0
6767,0
6751,0
6758,0
9340,0
9341,0
3511,0
3513,0
5868,0
1518,0
7390,0
7391,0
5843,0
5850,0
5852,0
5853,0
5855,0
5422,0
5483,0
5487,0
7414,0
7415,0
2031,0
4207,0
3533,0
3534,0
3535,0
619,0
9359,0
3549,0
2041,0
8279,0
8285,0
8286,0
6719,0
3565,0
4158,0
6734,0
6735,0
6139,0
7417,0
7418,0
7420,0
7421,0
7422,0
7423,0
5830,0
5831,0
8254,0
7408,0
1655,0
1659,0
2278,0
8188,0
1718,0
2030,0
3559,0
9390,0
2003,0
5551,0
5557,0
1615,0
5835,0
7431,0
7438,0
5549,0
9421,0
9423,0
3579,0
511,0
9399,0
9407,0
3627,0
2015,0
6191,0
5834,0
8189,0
8190,0
8191,0
2287,0
5566,0
5573,0
8174,0
8175,0
8179,0
8180,0
8181,0
8183,0
8184,0
8186,0
8187,0
5821,0
1995,0
6686,0
6687,0
2007,0
9417,0
9419,0
9463,0
4073,0
4074,0
9435,0
9437,0
9439,0
9444,0
4094,0
5823,0
7461,0
7470,0
8157,0
8158,0
8159,0
8160,0
8173,0
8170,0
8171,0
8138,0
8139,0
8140,0
8141,0
8142,0
9471,0
4058,0
4059,0
9447,0
9455,0
9458,0
9460,0
9461,0
9462,0
8123,0
8126,0
8127,0
4075,0
4076,0
4077,0
4079,0
9467,0
9469,0
9470,0
8163,0
8165,0
8166,0
8167,0
8168,0
8169,0
4060,0
6650,0
6651,0
6652,0
6653,0
6654,0
1883,0
1884,0
4061,0
4063,0
8145,0
8147,0
8151,0
8152,0
8153,0
8122,0
8133,0
8134,0
8135,0
8137,0
8106,0
8110,0
8111,0
8115,0
6646,0
6647,0
6239,0
1972,0
1973,0
9502,0
4049,0
4051,0
8119,0
8121,0
8090,0
8091,0
8092,0
8094,0
8095,0
8097,0
4054,0
4055,0
9517,0
9519,0
4026,0
6641,0
6642,0
8132,0
8087,0
8089,0
5606,0
5609,0
5614,0
5615,0
6627,0
6629,0
6631,0
6635,0
6637,0
4031,0
4039,0
9530,0
9534,0
8118,0
7479,0
7480,0
7483,0
4007,0
4011,0
4013,0
9551,0
6619,0
6621,0
6622,0
6623,0
6625,0
8103,0
8105,0
8085,0
8086,0
8053,0
8055,0
8057,0
8059,0
8060,0
1983,0
6251,0
6587,0
9563,0
9565,0
8066,0
8075,0
8077,0
8078,0
8082,0
8083,0
9599,0
3983,0
9575,0
9578,0
8061,0
8062,0
8063,0
8031,0
8037,0
8040,0
8045,0
8046,0
8049,0
8050,0
8051,0
8052,0
8021,0
8022,0
8023,0
8025,0
8026,0
8027,0
8028,0
8029,0
8030,0
9589,0
9590,0
9591,0
9593,0
9596,0
9597,0
9598,0
7506,0
7994,0
7995,0
7996,0
7997,0
7998,0
7999,0
9615,0
6589,0
6591,0
8047,0
8014,0
8015,0
8018,0
8019,0
8020,0
7979,0
7980,0
7981,0
7982,0
7983,0
6571,0
6574,0
6575,0
9631,0
3943,0
5803,0
7491,0
7493,0
7495,0
7502,0
7503,0
7967,0
7970,0
7972,0
7976,0
5627,0
5629,0
9643,0
9646,0
6271,0
1955,0
8003,0
8007,0
8011,0
8012,0
8013,0
7977,0
7917,0
6559,0
1963,0
9654,0
9659,0
9661,0
9663,0
7514,0
7515,0
7522,0
7523,0
7526,0
7990,0
7991,0
7963,0
7965,0
7923,0
7924,0
9692,0
9693,0
9673,0
3921,0
3931,0
3933,0
3934,0
6558,0
7959,0
7933,0
7934,0
7935,0
7943,0
5643,0
9711,0
1965,0
1967,0
1903,0
6541,0
6547,0
6551,0
9682,0
9683,0
9691,0
7539,0
5783,0
5791,0
7918,0
7919,0
7922,0
7930,0
7931,0
7901,0
7902,0
7903,0
7906,0
7907,0
7909,0
9725,0
9726,0
9727,0
3916,0
9702,0
9706,0
9707,0
9710,0
7892,0
7893,0
7895,0
7896,0
6523,0
6525,0
9715,0
9717,0
9718,0
9721,0
9723,0
9724,0
7925,0
7926,0
7927,0
7929,0
7868,0
7869,0
7871,0
7880,0
7882,0
6521,0
6299,0
9737,0
3901,0
7910,0
7911,0
7914,0
7885,0
7886,0
7890,0
7891,0
7548,0
7550,0
7551,0
7531,0
7831,0
7837,0
1943,0
9749,0
9751,0
7852,0
7853,0
7854,0
7859,0
7860,0
7900,0
7867,0
7806,0
7807,0
3693,0
3694,0
3695,0
3711,0
3676,0
6493,0
6494,0
7839,0
7847,0
7826,0
5655,0
7799,0
7545,0
7547,0
7797,0
7798,0
9779,0
9786,0
9787,0
9789,0
3835,0
3839,0
7561,0
7563,0
7567,0
7571,0
7801,0
7802,0
7804,0
7805,0
7587,0
7591,0
7766,0
7769,0
6460,0
1950,0
3708,0
9806,0
2223,0
7782,0
7784,0
7787,0
7789,0
7791,0
7794,0
7795,0
9845,0
9846,0
9847,0
3823,0
9813,0
9815,0
9819,0
9821,0
9829,0
7775,0
7757,0
7758,0
7761,0
7762,0
7580,0
7583,0
7732,0
7735,0
7737,0
7739,0
7741,0
7742,0
7743,0
6367,0
6442,0
6443,0
6347,0
6383,0
9832,0
9834,0
9836,0
9841,0
9850,0
9851,0
9854,0
9855,0
3807,0
9830,0
7594,0
7599,0
7606,0
7607,0
7609,0
7718,0
7719,0
7721,0
5691,0
7731,0
5754,0
7695,0
3770,0
3813,0
3789,0
3790,0
3791,0
1919,0
6417,0
7726,0
5718,0
5723,0
7703,0
7711,0
7612,0
7614,0
7632,0
7635,0
7610,0
7660,0
7661,0
7662,0
6373,0
9878,0
9882,0
7673,0
7674,0
7677,0
7679,0
5738,0
5740,0
7617,0
7671,0
7639,0
7640,0
7642,0
7643,0
3771,0
9899,0
9901,0
9902,0
9903,0
9907,0
1913,0
1916,0
7627,0
7629,0
7631,0
6391,0
6393,0
6398,0
6399,0
1907,0
9943,0
3759,0
9938,0
7645,0
7646,0
7647,0
7653,0
7654,0
7655,0
9998,0
9970,0
3037,0
9955,0
9957,0
9963,0
9964,0
9966,0
9991,0
3758,0
9983,0
6387,0
9974,0
9977,0
9979,0
9947,0
9949,0
9950,0
